<DATE>	<TIME>	<OPEN>	<HIGH>	<LOW>	<CLOSE>	<TICKVOL>	<VOL>	<SPREAD>
2025.12.24	01:00:00	48462.01	48467.46	48456.51	48467.46	32	0	110
2025.12.24	01:01:00	48468.66	48473.01	48460.16	48464.66	43	0	110
2025.12.24	01:02:00	48466.66	48473.46	48465.66	48471.16	16	0	110
2025.12.24	01:03:00	48471.16	48475.16	48471.16	48475.16	7	0	170
2025.12.24	01:04:00	48475.16	48476.66	48470.66	48471.51	11	0	110
2025.12.24	01:05:00	48468.01	48469.51	48459.66	48464.66	20	0	270
2025.12.24	01:06:00	48462.51	48467.51	48461.51	48467.51	16	0	470
2025.12.24	01:07:00	48466.51	48466.66	48459.66	48459.66	9	0	370
2025.12.24	01:08:00	48461.66	48462.16	48461.66	48461.66	3	0	170
2025.12.24	01:09:00	48462.66	48467.51	48461.66	48461.66	15	0	110
2025.12.24	01:10:00	48462.66	48463.66	48461.51	48463.16	6	0	270
2025.12.24	01:11:00	48461.66	48468.16	48460.66	48468.16	9	0	170
2025.12.24	01:12:00	48469.46	48477.46	48466.66	48472.46	25	0	110
2025.12.24	01:13:00	48472.16	48472.46	48466.16	48466.16	11	0	110
2025.12.24	01:14:00	48465.16	48468.16	48465.16	48466.46	7	0	110
2025.12.24	01:15:00	48465.46	48471.16	48464.46	48471.16	14	0	110
2025.12.24	01:16:00	48471.46	48471.46	48467.16	48467.16	16	0	110
2025.12.24	01:17:00	48467.46	48468.46	48466.46	48466.46	8	0	110
2025.12.24	01:18:00	48465.16	48465.46	48463.16	48463.46	8	0	110
2025.12.24	01:19:00	48463.16	48465.46	48463.16	48464.46	10	0	110
2025.12.24	01:20:00	48465.46	48470.46	48465.16	48469.46	15	0	110
2025.12.24	01:21:00	48469.46	48469.46	48464.46	48467.46	16	0	110
2025.12.24	01:22:00	48467.16	48470.46	48465.16	48468.16	19	0	110
2025.12.24	01:23:00	48468.46	48469.46	48466.46	48466.46	15	0	110
2025.12.24	01:24:00	48467.46	48467.46	48465.16	48466.46	10	0	110
2025.12.24	01:25:00	48465.46	48468.46	48463.16	48467.46	16	0	110
2025.12.24	01:26:00	48466.46	48470.46	48465.46	48470.16	20	0	110
2025.12.24	01:27:00	48469.46	48471.46	48469.46	48471.46	5	0	110
2025.12.24	01:28:00	48469.46	48469.46	48466.46	48467.46	8	0	110
2025.12.24	01:29:00	48467.46	48467.46	48465.16	48467.46	7	0	110
2025.12.24	01:30:00	48466.46	48469.46	48465.46	48468.46	15	0	110
2025.12.24	01:31:00	48469.46	48469.46	48465.46	48467.46	15	0	110
2025.12.24	01:32:00	48466.46	48468.46	48465.46	48467.46	8	0	110
2025.12.24	01:33:00	48466.46	48466.46	48464.46	48464.46	9	0	110
2025.12.24	01:34:00	48465.46	48466.46	48464.46	48466.46	12	0	110
2025.12.24	01:35:00	48467.46	48473.46	48467.46	48473.46	11	0	110
2025.12.24	01:36:00	48472.46	48473.46	48467.46	48467.46	11	0	110
2025.12.24	01:37:00	48468.46	48470.46	48467.46	48469.46	12	0	110
2025.12.24	01:38:00	48468.46	48468.46	48465.46	48466.46	9	0	110
2025.12.24	01:39:00	48467.46	48469.46	48467.46	48468.46	8	0	110
2025.12.24	01:40:00	48469.46	48469.46	48465.46	48468.46	8	0	110
2025.12.24	01:41:00	48467.46	48470.46	48467.46	48469.46	9	0	110
2025.12.24	01:42:00	48470.46	48470.46	48466.46	48467.46	11	0	110
2025.12.24	01:43:00	48467.46	48467.46	48464.46	48464.46	9	0	110
2025.12.24	01:44:00	48464.46	48467.46	48464.46	48466.46	7	0	110
2025.12.24	01:45:00	48467.46	48469.46	48465.46	48465.46	21	0	110
2025.12.24	01:46:00	48466.46	48468.46	48465.46	48467.46	16	0	110
2025.12.24	01:47:00	48466.46	48468.46	48465.46	48466.46	17	0	110
2025.12.24	01:48:00	48467.46	48469.46	48466.46	48469.46	7	0	110
2025.12.24	01:49:00	48467.46	48468.46	48466.46	48467.46	9	0	110
2025.12.24	01:50:00	48465.46	48468.46	48464.46	48467.46	9	0	110
2025.12.24	01:51:00	48468.46	48469.46	48467.46	48467.46	6	0	110
2025.12.24	01:52:00	48467.46	48470.46	48467.46	48469.46	9	0	110
2025.12.24	01:53:00	48468.46	48469.46	48466.46	48466.46	9	0	110
2025.12.24	01:54:00	48466.46	48467.46	48465.46	48467.46	4	0	110
2025.12.24	01:55:00	48466.46	48472.46	48466.46	48472.46	14	0	110
2025.12.24	01:56:00	48471.46	48471.46	48467.46	48467.46	11	0	110
2025.12.24	01:57:00	48466.46	48468.46	48466.46	48468.46	5	0	110
2025.12.24	01:58:00	48467.46	48472.46	48467.46	48472.46	15	0	110
2025.12.24	01:59:00	48471.46	48472.46	48466.46	48467.46	19	0	110
2025.12.24	02:00:00	48469.46	48477.46	48467.46	48473.46	30	0	110
2025.12.24	02:01:00	48474.46	48480.46	48472.46	48474.46	42	0	110
2025.12.24	02:02:00	48475.46	48480.46	48473.46	48474.46	28	0	110
2025.12.24	02:03:00	48473.46	48481.46	48472.46	48479.46	35	0	110
2025.12.24	02:04:00	48478.46	48482.46	48477.46	48478.46	33	0	110
2025.12.24	02:05:00	48476.46	48481.46	48472.46	48481.46	29	0	110
2025.12.24	02:06:00	48482.46	48484.46	48478.46	48482.46	25	0	110
2025.12.24	02:07:00	48483.46	48484.46	48472.46	48475.46	43	0	110
2025.12.24	02:08:00	48476.46	48476.46	48471.46	48474.46	28	0	110
2025.12.24	02:09:00	48475.46	48477.46	48473.46	48475.46	25	0	110
2025.12.24	02:10:00	48476.46	48476.46	48472.46	48474.46	27	0	110
2025.12.24	02:11:00	48473.46	48475.46	48471.46	48474.46	23	0	110
2025.12.24	02:12:00	48473.46	48475.46	48472.46	48472.46	11	0	110
2025.12.24	02:13:00	48471.46	48478.46	48470.46	48476.46	21	0	110
2025.12.24	02:14:00	48477.46	48477.46	48474.46	48474.46	11	0	110
2025.12.24	02:15:00	48473.46	48473.46	48472.46	48472.46	12	0	110
2025.12.24	02:16:00	48472.46	48473.46	48470.46	48471.46	16	0	110
2025.12.24	02:17:00	48471.46	48474.46	48471.46	48473.46	7	0	110
2025.12.24	02:18:00	48473.46	48473.46	48471.46	48471.46	7	0	110
2025.12.24	02:19:00	48470.46	48474.46	48469.46	48474.46	6	0	110
2025.12.24	02:20:00	48473.46	48475.46	48472.46	48475.46	17	0	110
2025.12.24	02:21:00	48475.46	48475.46	48472.46	48472.46	8	0	110
2025.12.24	02:22:00	48471.46	48474.46	48471.46	48474.46	14	0	110
2025.12.24	02:23:00	48473.46	48474.46	48471.46	48472.46	15	0	110
2025.12.24	02:24:00	48472.46	48473.46	48472.46	48472.46	5	0	110
2025.12.24	02:25:00	48471.46	48475.46	48471.46	48475.46	7	0	110
2025.12.24	02:26:00	48474.46	48475.46	48472.46	48474.46	8	0	110
2025.12.24	02:27:00	48473.46	48475.46	48473.46	48473.46	13	0	110
2025.12.24	02:28:00	48474.46	48475.46	48472.46	48472.46	13	0	110
2025.12.24	02:29:00	48473.46	48473.46	48470.46	48471.46	5	0	110
2025.12.24	02:30:00	48470.46	48471.46	48467.46	48467.46	16	0	110
2025.12.24	02:31:00	48468.46	48471.46	48467.46	48470.46	19	0	110
2025.12.24	02:32:00	48470.46	48470.46	48467.46	48470.46	9	0	110
2025.12.24	02:33:00	48471.46	48473.46	48470.46	48472.46	12	0	110
2025.12.24	02:34:00	48473.46	48473.46	48471.46	48471.46	4	0	110
2025.12.24	02:35:00	48469.46	48469.46	48468.46	48469.46	5	0	110
2025.12.24	02:36:00	48470.46	48474.46	48470.46	48473.46	6	0	110
2025.12.24	02:37:00	48474.46	48476.46	48472.46	48475.46	14	0	110
2025.12.24	02:38:00	48476.46	48478.46	48473.46	48477.46	14	0	110
2025.12.24	02:39:00	48476.46	48477.46	48474.46	48475.46	12	0	110
2025.12.24	02:40:00	48476.46	48477.46	48473.46	48475.46	11	0	110
2025.12.24	02:41:00	48475.46	48477.46	48475.46	48477.46	9	0	110
2025.12.24	02:42:00	48476.46	48478.46	48476.46	48478.46	9	0	110
2025.12.24	02:43:00	48479.46	48480.46	48478.46	48479.46	13	0	110
2025.12.24	02:44:00	48478.46	48478.46	48476.46	48476.46	5	0	110
2025.12.24	02:45:00	48477.46	48477.46	48473.46	48473.46	9	0	110
2025.12.24	02:46:00	48472.46	48476.46	48472.46	48475.46	14	0	110
2025.12.24	02:47:00	48476.46	48478.46	48476.46	48478.46	17	0	110
2025.12.24	02:48:00	48478.46	48478.46	48474.46	48475.46	14	0	110
2025.12.24	02:49:00	48475.46	48477.46	48475.46	48477.46	5	0	110
2025.12.24	02:50:00	48477.46	48477.46	48475.46	48475.46	7	0	110
2025.12.24	02:51:00	48475.46	48476.46	48474.46	48476.46	10	0	110
2025.12.24	02:52:00	48474.46	48477.46	48474.46	48476.46	5	0	110
2025.12.24	02:53:00	48475.46	48476.46	48474.46	48474.46	8	0	110
2025.12.24	02:54:00	48474.46	48474.46	48472.46	48474.46	9	0	110
2025.12.24	02:55:00	48474.46	48474.46	48473.46	48473.46	8	0	110
2025.12.24	02:56:00	48473.46	48474.46	48471.46	48473.46	7	0	110
2025.12.24	02:57:00	48474.46	48474.46	48472.46	48472.46	7	0	110
2025.12.24	02:58:00	48472.46	48472.46	48470.46	48471.46	4	0	110
2025.12.24	02:59:00	48471.46	48473.46	48471.46	48472.46	6	0	110
2025.12.24	03:00:00	48473.46	48474.46	48467.46	48467.46	14	0	110
2025.12.24	03:01:00	48468.46	48469.46	48464.46	48468.46	18	0	110
2025.12.24	03:02:00	48468.46	48469.46	48468.46	48469.46	6	0	110
2025.12.24	03:03:00	48468.46	48470.46	48468.46	48468.46	11	0	110
2025.12.24	03:04:00	48467.46	48471.46	48464.46	48471.46	13	0	110
2025.12.24	03:05:00	48470.46	48473.46	48470.46	48472.46	7	0	110
2025.12.24	03:06:00	48471.46	48474.46	48471.46	48474.46	14	0	110
2025.12.24	03:07:00	48474.46	48474.46	48472.46	48474.46	7	0	110
2025.12.24	03:08:00	48473.46	48473.46	48471.46	48471.46	7	0	110
2025.12.24	03:09:00	48470.46	48472.46	48469.46	48470.46	9	0	110
2025.12.24	03:10:00	48469.46	48471.46	48469.46	48471.46	13	0	110
2025.12.24	03:11:00	48472.46	48474.46	48471.46	48474.46	15	0	110
2025.12.24	03:12:00	48473.46	48475.46	48473.46	48474.46	12	0	110
2025.12.24	03:13:00	48474.46	48476.46	48474.46	48474.46	10	0	110
2025.12.24	03:14:00	48473.46	48474.46	48473.46	48474.46	6	0	110
2025.12.24	03:15:00	48473.46	48477.46	48473.46	48474.46	11	0	110
2025.12.24	03:16:00	48473.46	48478.46	48473.46	48478.46	8	0	110
2025.12.24	03:17:00	48477.46	48478.46	48475.46	48478.46	9	0	110
2025.12.24	03:18:00	48477.46	48480.46	48477.46	48479.46	13	0	110
2025.12.24	03:19:00	48480.46	48482.46	48477.46	48481.46	14	0	110
2025.12.24	03:20:00	48480.46	48482.46	48479.46	48481.46	16	0	110
2025.12.24	03:21:00	48483.46	48487.46	48478.46	48481.46	26	0	110
2025.12.24	03:22:00	48482.46	48483.46	48480.46	48483.46	11	0	110
2025.12.24	03:23:00	48483.46	48483.46	48479.46	48480.46	10	0	110
2025.12.24	03:24:00	48481.46	48483.46	48480.46	48483.46	11	0	110
2025.12.24	03:25:00	48481.46	48482.46	48481.46	48481.46	7	0	110
2025.12.24	03:26:00	48482.46	48482.46	48476.46	48477.46	18	0	110
2025.12.24	03:27:00	48478.46	48480.46	48478.46	48480.46	11	0	110
2025.12.24	03:28:00	48479.46	48479.46	48476.46	48476.46	6	0	110
2025.12.24	03:29:00	48476.46	48477.46	48475.46	48475.46	4	0	110
2025.12.24	03:30:00	48476.46	48477.46	48470.46	48472.46	17	0	110
2025.12.24	03:31:00	48473.46	48477.46	48472.46	48476.46	22	0	110
2025.12.24	03:32:00	48477.46	48478.46	48475.46	48476.46	8	0	110
2025.12.24	03:33:00	48475.46	48477.46	48474.46	48477.46	15	0	110
2025.12.24	03:34:00	48476.46	48477.46	48474.46	48476.46	12	0	110
2025.12.24	03:35:00	48477.46	48478.46	48476.46	48478.46	8	0	110
2025.12.24	03:36:00	48477.46	48481.46	48477.46	48481.46	17	0	110
2025.12.24	03:37:00	48482.46	48482.46	48478.46	48480.46	20	0	110
2025.12.24	03:38:00	48479.46	48480.46	48477.46	48477.46	5	0	110
2025.12.24	03:39:00	48476.46	48478.46	48476.46	48477.46	8	0	110
2025.12.24	03:40:00	48476.46	48476.46	48471.46	48474.46	14	0	110
2025.12.24	03:41:00	48472.46	48473.46	48470.46	48472.46	15	0	110
2025.12.24	03:42:00	48473.46	48473.46	48470.46	48470.46	10	0	110
2025.12.24	03:43:00	48469.46	48470.46	48461.46	48464.46	21	0	110
2025.12.24	03:44:00	48465.46	48468.46	48463.46	48467.46	13	0	110
2025.12.24	03:45:00	48467.46	48470.46	48466.46	48470.46	6	0	110
2025.12.24	03:46:00	48471.46	48471.46	48468.46	48469.46	14	0	110
2025.12.24	03:47:00	48468.46	48469.46	48466.46	48466.46	13	0	110
2025.12.24	03:48:00	48466.46	48466.46	48465.46	48466.46	5	0	110
2025.12.24	03:49:00	48465.46	48468.46	48465.46	48466.46	8	0	110
2025.12.24	03:50:00	48466.46	48472.46	48466.46	48471.46	12	0	110
2025.12.24	03:51:00	48470.46	48471.46	48469.46	48470.46	9	0	110
2025.12.24	03:52:00	48470.46	48470.46	48468.46	48468.46	9	0	110
2025.12.24	03:53:00	48467.46	48468.46	48467.46	48468.46	6	0	110
2025.12.24	03:54:00	48467.46	48469.46	48467.46	48467.46	7	0	110
2025.12.24	03:55:00	48467.46	48468.46	48466.46	48466.46	4	0	110
2025.12.24	03:56:00	48465.46	48466.46	48464.46	48464.46	6	0	110
2025.12.24	03:57:00	48463.46	48464.46	48462.46	48464.46	8	0	110
2025.12.24	03:58:00	48465.46	48468.46	48464.46	48468.46	14	0	110
2025.12.24	03:59:00	48468.46	48468.46	48465.46	48465.46	6	0	110
2025.12.24	04:00:00	48464.46	48467.46	48463.46	48465.46	15	0	110
2025.12.24	04:01:00	48464.46	48465.46	48462.46	48462.46	10	0	110
2025.12.24	04:02:00	48462.46	48463.46	48461.46	48463.46	12	0	110
2025.12.24	04:03:00	48462.46	48466.46	48462.46	48465.46	16	0	110
2025.12.24	04:04:00	48466.46	48466.46	48462.46	48462.46	9	0	110
2025.12.24	04:05:00	48461.46	48463.46	48461.46	48462.46	14	0	110
2025.12.24	04:06:00	48461.46	48467.46	48460.46	48466.46	14	0	110
2025.12.24	04:07:00	48465.46	48465.46	48463.46	48464.46	10	0	110
2025.12.24	04:08:00	48465.46	48465.46	48462.46	48463.46	9	0	110
2025.12.24	04:09:00	48462.46	48466.46	48462.46	48466.46	9	0	110
2025.12.24	04:10:00	48465.46	48469.46	48465.46	48466.46	14	0	110
2025.12.24	04:11:00	48465.46	48467.46	48463.46	48467.46	9	0	110
2025.12.24	04:12:00	48467.46	48467.46	48465.46	48467.46	7	0	110
2025.12.24	04:13:00	48467.46	48467.46	48465.46	48467.46	4	0	110
2025.12.24	04:14:00	48466.46	48467.46	48464.46	48466.46	13	0	110
2025.12.24	04:15:00	48465.46	48465.46	48463.46	48463.46	5	0	110
2025.12.24	04:16:00	48463.46	48464.46	48462.46	48462.46	8	0	110
2025.12.24	04:17:00	48461.46	48463.46	48461.46	48462.46	4	0	110
2025.12.24	04:18:00	48462.46	48464.46	48461.46	48464.46	9	0	110
2025.12.24	04:19:00	48465.46	48465.46	48463.46	48464.46	6	0	110
2025.12.24	04:20:00	48464.46	48465.46	48464.46	48464.46	3	0	110
2025.12.24	04:21:00	48464.46	48464.46	48462.46	48462.46	3	0	110
2025.12.24	04:22:00	48462.46	48463.46	48462.46	48462.46	9	0	110
2025.12.24	04:23:00	48463.46	48465.46	48462.46	48463.46	11	0	110
2025.12.24	04:24:00	48462.46	48464.46	48462.46	48463.46	4	0	110
2025.12.24	04:25:00	48462.46	48464.46	48461.46	48464.46	10	0	110
2025.12.24	04:26:00	48463.46	48464.46	48461.46	48461.46	5	0	110
2025.12.24	04:27:00	48462.46	48463.46	48460.46	48463.46	12	0	110
2025.12.24	04:28:00	48462.46	48463.46	48461.46	48463.46	11	0	110
2025.12.24	04:29:00	48462.46	48462.46	48458.46	48461.46	14	0	110
2025.12.24	04:30:00	48460.46	48460.46	48458.46	48459.46	12	0	110
2025.12.24	04:31:00	48460.46	48460.46	48457.46	48458.46	9	0	110
2025.12.24	04:32:00	48459.46	48461.46	48458.46	48460.46	12	0	110
2025.12.24	04:33:00	48459.46	48464.46	48459.46	48464.46	11	0	110
2025.12.24	04:34:00	48463.46	48464.46	48461.46	48462.46	10	0	110
2025.12.24	04:35:00	48461.46	48463.46	48461.46	48463.46	11	0	110
2025.12.24	04:36:00	48462.46	48465.46	48462.46	48464.46	7	0	110
2025.12.24	04:37:00	48463.46	48464.46	48462.46	48462.46	5	0	110
2025.12.24	04:38:00	48463.46	48464.46	48461.46	48462.46	11	0	110
2025.12.24	04:39:00	48461.46	48463.46	48461.46	48462.46	8	0	110
2025.12.24	04:40:00	48463.46	48463.46	48462.46	48463.46	5	0	110
2025.12.24	04:41:00	48464.46	48465.46	48463.46	48465.46	4	0	110
2025.12.24	04:42:00	48466.46	48466.46	48463.46	48464.46	5	0	110
2025.12.24	04:43:00	48463.46	48463.46	48461.46	48461.46	9	0	110
2025.12.24	04:44:00	48459.46	48464.46	48459.46	48463.46	26	0	110
2025.12.24	04:45:00	48463.46	48465.46	48463.46	48463.46	9	0	110
2025.12.24	04:46:00	48463.46	48464.46	48460.46	48460.46	8	0	110
2025.12.24	04:47:00	48460.46	48460.46	48458.46	48459.46	6	0	110
2025.12.24	04:48:00	48458.46	48461.46	48458.46	48460.46	5	0	110
2025.12.24	04:49:00	48460.46	48461.46	48460.46	48461.46	4	0	110
2025.12.24	04:50:00	48462.46	48462.46	48462.46	48462.46	1	0	110
2025.12.24	04:51:00	48463.46	48466.46	48463.46	48463.46	13	0	110
2025.12.24	04:52:00	48464.46	48464.46	48463.46	48464.46	5	0	110
2025.12.24	04:53:00	48464.46	48468.46	48464.46	48467.46	10	0	110
2025.12.24	04:54:00	48468.46	48468.46	48466.46	48466.46	3	0	110
2025.12.24	04:55:00	48466.46	48466.46	48464.46	48465.46	8	0	110
2025.12.24	04:56:00	48465.46	48467.46	48464.46	48466.46	8	0	110
2025.12.24	04:57:00	48467.46	48467.46	48464.46	48465.46	13	0	110
2025.12.24	04:58:00	48464.46	48465.46	48462.46	48462.46	11	0	110
2025.12.24	04:59:00	48463.46	48463.46	48460.46	48461.46	4	0	110
2025.12.24	05:00:00	48460.46	48461.46	48457.46	48457.46	13	0	110
2025.12.24	05:01:00	48458.46	48458.46	48456.46	48457.46	8	0	110
2025.12.24	05:02:00	48456.46	48458.46	48454.46	48458.46	9	0	110
2025.12.24	05:03:00	48457.46	48457.46	48454.46	48455.46	9	0	110
2025.12.24	05:04:00	48455.46	48455.46	48452.46	48452.46	6	0	110
2025.12.24	05:05:00	48454.46	48458.46	48454.46	48457.46	8	0	110
2025.12.24	05:06:00	48456.46	48458.46	48456.46	48458.46	5	0	110
2025.12.24	05:07:00	48457.46	48458.46	48454.46	48458.46	9	0	110
2025.12.24	05:08:00	48458.46	48458.46	48457.46	48458.46	7	0	110
2025.12.24	05:09:00	48457.46	48459.46	48456.46	48458.46	14	0	110
2025.12.24	05:10:00	48458.46	48459.46	48456.46	48457.46	8	0	110
2025.12.24	05:11:00	48456.46	48458.46	48456.46	48458.46	7	0	110
2025.12.24	05:12:00	48458.46	48460.46	48457.46	48459.46	7	0	110
2025.12.24	05:13:00	48458.46	48459.46	48457.46	48458.46	9	0	110
2025.12.24	05:14:00	48459.46	48461.46	48456.46	48461.46	10	0	110
2025.12.24	05:15:00	48460.46	48460.46	48459.46	48459.46	2	0	110
2025.12.24	05:16:00	48458.46	48459.46	48458.46	48458.46	3	0	110
2025.12.24	05:17:00	48457.46	48457.46	48455.46	48456.46	9	0	110
2025.12.24	05:18:00	48456.46	48458.46	48456.46	48458.46	7	0	110
2025.12.24	05:19:00	48457.46	48458.46	48457.46	48457.46	5	0	110
2025.12.24	05:20:00	48457.46	48458.46	48457.46	48458.46	4	0	110
2025.12.24	05:21:00	48459.46	48460.46	48459.46	48460.46	6	0	110
2025.12.24	05:22:00	48460.46	48463.46	48460.46	48463.46	8	0	110
2025.12.24	05:23:00	48464.46	48466.46	48463.46	48464.46	11	0	110
2025.12.24	05:24:00	48465.46	48465.46	48463.46	48463.46	3	0	110
2025.12.24	05:25:00	48462.46	48464.46	48462.46	48463.46	6	0	110
2025.12.24	05:26:00	48463.46	48466.46	48463.46	48464.46	8	0	110
2025.12.24	05:27:00	48465.46	48465.46	48463.46	48463.46	7	0	110
2025.12.24	05:28:00	48464.46	48466.46	48463.46	48465.46	8	0	110
2025.12.24	05:29:00	48466.46	48468.46	48464.46	48468.46	9	0	110
2025.12.24	05:30:00	48467.46	48467.46	48466.46	48467.46	9	0	110
2025.12.24	05:31:00	48468.46	48468.46	48467.46	48467.46	6	0	110
2025.12.24	05:32:00	48468.46	48470.46	48467.46	48469.46	7	0	110
2025.12.24	05:33:00	48468.46	48469.46	48467.46	48467.46	5	0	110
2025.12.24	05:34:00	48468.46	48468.46	48465.46	48465.46	8	0	110
2025.12.24	05:35:00	48464.46	48467.46	48464.46	48466.46	5	0	110
2025.12.24	05:36:00	48467.46	48467.46	48464.46	48464.46	8	0	110
2025.12.24	05:37:00	48464.46	48466.46	48464.46	48464.46	9	0	110
2025.12.24	05:38:00	48464.46	48467.46	48464.46	48467.46	6	0	110
2025.12.24	05:39:00	48466.46	48468.46	48466.46	48468.46	5	0	110
2025.12.24	05:40:00	48467.46	48469.46	48467.46	48469.46	8	0	110
2025.12.24	05:41:00	48468.46	48469.46	48467.46	48468.46	8	0	110
2025.12.24	05:42:00	48468.46	48469.46	48468.46	48468.46	3	0	110
2025.12.24	05:43:00	48469.46	48470.46	48468.46	48468.46	6	0	110
2025.12.24	05:44:00	48469.46	48470.46	48468.46	48470.46	13	0	110
2025.12.24	05:45:00	48469.46	48471.46	48469.46	48471.46	3	0	110
2025.12.24	05:46:00	48472.46	48473.46	48471.46	48471.46	8	0	110
2025.12.24	05:47:00	48471.46	48471.46	48469.46	48469.46	3	0	110
2025.12.24	05:48:00	48470.46	48470.46	48469.46	48469.46	8	0	110
2025.12.24	05:49:00	48469.46	48469.46	48468.46	48469.46	5	0	110
2025.12.24	05:50:00	48468.46	48469.46	48468.46	48469.46	4	0	110
2025.12.24	05:51:00	48467.46	48467.46	48465.46	48465.46	13	0	110
2025.12.24	05:52:00	48466.46	48467.46	48465.46	48465.46	12	0	110
2025.12.24	05:53:00	48466.46	48466.46	48465.46	48466.46	5	0	110
2025.12.24	05:54:00	48466.46	48466.46	48465.46	48465.46	2	0	110
2025.12.24	05:55:00	48466.46	48466.46	48465.46	48466.46	5	0	110
2025.12.24	05:56:00	48466.46	48466.46	48464.46	48464.46	5	0	110
2025.12.24	05:57:00	48464.46	48466.46	48464.46	48466.46	5	0	110
2025.12.24	05:58:00	48466.46	48467.46	48466.46	48467.46	2	0	110
2025.12.24	05:59:00	48465.46	48466.46	48465.46	48465.46	3	0	110
2025.12.24	06:00:00	48466.46	48466.46	48464.46	48464.46	9	0	110
2025.12.24	06:01:00	48465.46	48467.46	48465.46	48467.46	7	0	110
2025.12.24	06:02:00	48467.46	48469.46	48467.46	48469.46	5	0	110
2025.12.24	06:03:00	48469.46	48469.46	48468.46	48468.46	4	0	110
2025.12.24	06:04:00	48469.46	48470.46	48469.46	48470.46	2	0	110
2025.12.24	06:05:00	48471.46	48471.46	48469.46	48469.46	9	0	110
2025.12.24	06:06:00	48468.46	48469.46	48468.46	48469.46	8	0	110
2025.12.24	06:07:00	48469.46	48469.46	48466.46	48466.46	4	0	110
2025.12.24	06:08:00	48467.46	48469.46	48466.46	48469.46	5	0	110
2025.12.24	06:09:00	48470.46	48472.46	48470.46	48471.46	6	0	110
2025.12.24	06:10:00	48471.46	48472.46	48471.46	48471.46	3	0	110
2025.12.24	06:11:00	48470.46	48470.46	48467.46	48467.46	6	0	110
2025.12.24	06:12:00	48468.46	48469.46	48467.46	48469.46	4	0	110
2025.12.24	06:13:00	48469.46	48469.46	48467.46	48467.46	3	0	110
2025.12.24	06:14:00	48468.46	48469.46	48468.46	48469.46	2	0	110
2025.12.24	06:15:00	48468.46	48469.46	48468.46	48468.46	5	0	110
2025.12.24	06:16:00	48467.46	48467.46	48465.46	48466.46	6	0	110
2025.12.24	06:17:00	48466.46	48468.46	48466.46	48467.46	4	0	110
2025.12.24	06:18:00	48467.46	48467.46	48467.46	48467.46	1	0	110
2025.12.24	06:19:00	48466.46	48466.46	48466.46	48466.46	1	0	110
2025.12.24	06:20:00	48466.46	48466.46	48465.46	48465.46	4	0	110
2025.12.24	06:21:00	48464.46	48464.46	48463.46	48463.46	8	0	110
2025.12.24	06:22:00	48464.46	48464.46	48463.46	48463.46	6	0	110
2025.12.24	06:23:00	48464.46	48464.46	48463.46	48464.46	7	0	110
2025.12.24	06:24:00	48464.46	48465.46	48463.46	48464.46	6	0	110
2025.12.24	06:25:00	48463.46	48464.46	48463.46	48463.46	5	0	110
2025.12.24	06:26:00	48464.46	48464.46	48463.46	48463.46	2	0	110
2025.12.24	06:27:00	48464.46	48464.46	48463.46	48464.46	5	0	110
2025.12.24	06:28:00	48463.46	48464.46	48462.46	48463.46	5	0	110
2025.12.24	06:29:00	48464.46	48466.46	48463.46	48465.46	8	0	110
2025.12.24	06:30:00	48466.46	48466.46	48465.46	48466.46	5	0	110
2025.12.24	06:31:00	48466.46	48466.46	48465.46	48466.46	3	0	110
2025.12.24	06:32:00	48466.46	48466.46	48466.46	48466.46	1	0	110
2025.12.24	06:33:00	48466.46	48466.46	48465.46	48466.46	5	0	110
2025.12.24	06:34:00	48466.46	48466.46	48464.46	48464.46	3	0	110
2025.12.24	06:35:00	48465.46	48465.46	48463.46	48463.46	11	0	110
2025.12.24	06:36:00	48463.46	48465.46	48463.46	48465.46	3	0	110
2025.12.24	06:37:00	48465.46	48466.46	48465.46	48465.46	3	0	110
2025.12.24	06:38:00	48464.46	48466.46	48464.46	48465.46	16	0	110
2025.12.24	06:39:00	48464.46	48465.46	48463.46	48464.46	9	0	110
2025.12.24	06:40:00	48464.46	48464.46	48463.46	48463.46	4	0	110
2025.12.24	06:41:00	48464.46	48465.46	48464.46	48464.46	3	0	110
2025.12.24	06:42:00	48464.46	48465.46	48464.46	48465.46	4	0	110
2025.12.24	06:43:00	48464.46	48465.46	48464.46	48464.46	3	0	110
2025.12.24	06:44:00	48464.46	48464.46	48463.46	48463.46	4	0	110
2025.12.24	06:45:00	48462.46	48463.46	48462.46	48463.46	6	0	110
2025.12.24	06:46:00	48463.46	48464.46	48462.46	48463.46	7	0	110
2025.12.24	06:47:00	48464.46	48464.46	48462.46	48463.46	8	0	110
2025.12.24	06:48:00	48464.46	48464.46	48462.46	48462.46	7	0	110
2025.12.24	06:49:00	48462.46	48463.46	48462.46	48463.46	2	0	110
2025.12.24	06:50:00	48463.46	48463.46	48463.46	48463.46	1	0	110
2025.12.24	06:51:00	48463.46	48464.46	48463.46	48464.46	2	0	110
2025.12.24	06:52:00	48463.46	48463.46	48462.46	48462.46	4	0	110
2025.12.24	06:53:00	48462.46	48463.46	48462.46	48463.46	2	0	110
2025.12.24	06:54:00	48463.46	48464.46	48460.46	48462.46	8	0	110
2025.12.24	06:55:00	48463.46	48463.46	48462.46	48463.46	7	0	110
2025.12.24	06:56:00	48462.46	48462.46	48460.46	48461.46	10	0	110
2025.12.24	06:57:00	48460.46	48463.46	48460.46	48462.46	11	0	110
2025.12.24	06:58:00	48463.46	48464.46	48461.46	48461.46	7	0	110
2025.12.24	06:59:00	48462.46	48463.46	48462.46	48463.46	2	0	110
2025.12.24	07:00:00	48464.46	48468.46	48463.46	48468.46	13	0	110
2025.12.24	07:01:00	48469.46	48469.46	48466.46	48467.46	7	0	110
2025.12.24	07:02:00	48468.46	48468.46	48466.46	48467.46	8	0	110
2025.12.24	07:03:00	48468.46	48468.46	48467.46	48467.46	4	0	110
2025.12.24	07:04:00	48467.46	48468.46	48464.46	48465.46	9	0	110
2025.12.24	07:05:00	48465.46	48465.46	48462.46	48465.46	11	0	110
2025.12.24	07:06:00	48465.46	48468.46	48465.46	48467.46	8	0	110
2025.12.24	07:07:00	48466.46	48466.46	48465.46	48465.46	6	0	110
2025.12.24	07:08:00	48465.46	48466.46	48465.46	48466.46	2	0	110
2025.12.24	07:09:00	48465.46	48466.46	48463.46	48464.46	9	0	110
2025.12.24	07:10:00	48464.46	48465.46	48463.46	48463.46	8	0	110
2025.12.24	07:11:00	48464.46	48464.46	48463.46	48463.46	8	0	110
2025.12.24	07:12:00	48463.46	48464.46	48463.46	48463.46	3	0	110
2025.12.24	07:13:00	48463.46	48464.46	48463.46	48463.46	7	0	110
2025.12.24	07:14:00	48463.46	48464.46	48463.46	48464.46	4	0	110
2025.12.24	07:15:00	48464.46	48465.46	48464.46	48465.46	2	0	110
2025.12.24	07:16:00	48464.46	48465.46	48463.46	48464.46	11	0	110
2025.12.24	07:17:00	48464.46	48465.46	48464.46	48465.46	2	0	110
2025.12.24	07:18:00	48464.46	48464.46	48463.46	48463.46	4	0	110
2025.12.24	07:19:00	48462.46	48463.46	48462.46	48463.46	8	0	110
2025.12.24	07:20:00	48464.46	48464.46	48462.46	48463.46	8	0	110
2025.12.24	07:21:00	48462.46	48462.46	48461.46	48461.46	8	0	110
2025.12.24	07:22:00	48460.46	48460.46	48458.46	48460.46	5	0	110
2025.12.24	07:23:00	48460.46	48460.46	48459.46	48459.46	8	0	110
2025.12.24	07:24:00	48460.46	48461.46	48459.46	48461.46	8	0	110
2025.12.24	07:25:00	48461.46	48462.46	48460.46	48462.46	6	0	110
2025.12.24	07:26:00	48462.46	48463.46	48462.46	48462.46	3	0	110
2025.12.24	07:27:00	48462.46	48463.46	48462.46	48463.46	2	0	110
2025.12.24	07:28:00	48463.46	48463.46	48462.46	48462.46	2	0	110
2025.12.24	07:29:00	48463.46	48463.46	48462.46	48463.46	5	0	110
2025.12.24	07:30:00	48462.46	48462.46	48461.46	48461.46	4	0	110
2025.12.24	07:31:00	48461.46	48462.46	48461.46	48462.46	6	0	110
2025.12.24	07:32:00	48461.46	48464.46	48461.46	48464.46	10	0	110
2025.12.24	07:33:00	48464.46	48467.46	48464.46	48465.46	17	0	110
2025.12.24	07:34:00	48466.46	48467.46	48465.46	48465.46	8	0	110
2025.12.24	07:35:00	48465.46	48466.46	48462.46	48462.46	9	0	110
2025.12.24	07:36:00	48462.46	48463.46	48462.46	48463.46	4	0	110
2025.12.24	07:37:00	48464.46	48464.46	48460.46	48460.46	5	0	110
2025.12.24	07:38:00	48461.46	48463.46	48461.46	48462.46	4	0	110
2025.12.24	07:39:00	48463.46	48463.46	48462.46	48462.46	4	0	110
2025.12.24	07:40:00	48463.46	48467.46	48463.46	48466.46	14	0	110
2025.12.24	07:41:00	48466.46	48467.46	48465.46	48466.46	9	0	110
2025.12.24	07:42:00	48467.46	48468.46	48466.46	48467.46	13	0	110
2025.12.24	07:43:00	48468.46	48469.46	48467.46	48467.46	14	0	110
2025.12.24	07:44:00	48467.46	48468.46	48466.46	48467.46	9	0	110
2025.12.24	07:45:00	48466.46	48467.46	48464.46	48464.46	7	0	110
2025.12.24	07:46:00	48464.46	48464.46	48460.46	48460.46	10	0	110
2025.12.24	07:47:00	48461.46	48463.46	48460.46	48463.46	3	0	110
2025.12.24	07:48:00	48463.46	48463.46	48460.46	48460.46	4	0	110
2025.12.24	07:49:00	48461.46	48461.46	48460.46	48461.46	3	0	110
2025.12.24	07:50:00	48460.46	48461.46	48459.46	48459.46	4	0	110
2025.12.24	07:51:00	48460.46	48461.46	48460.46	48460.46	9	0	110
2025.12.24	07:52:00	48459.46	48460.46	48459.46	48459.46	13	0	110
2025.12.24	07:53:00	48459.46	48460.46	48456.46	48459.46	10	0	110
2025.12.24	07:54:00	48459.46	48460.46	48458.46	48459.46	5	0	110
2025.12.24	07:55:00	48458.46	48458.46	48451.46	48455.46	15	0	110
2025.12.24	07:56:00	48454.46	48456.46	48453.46	48454.46	8	0	110
2025.12.24	07:57:00	48455.46	48455.46	48453.46	48454.46	8	0	110
2025.12.24	07:58:00	48454.46	48454.46	48453.46	48453.46	2	0	110
2025.12.24	07:59:00	48454.46	48454.46	48452.46	48452.46	5	0	110
2025.12.24	08:00:00	48451.46	48451.46	48448.46	48450.46	6	0	110
2025.12.24	08:01:00	48449.46	48449.46	48444.46	48444.46	12	0	110
2025.12.24	08:02:00	48445.46	48447.46	48444.46	48444.46	15	0	110
2025.12.24	08:03:00	48446.46	48447.46	48444.46	48447.46	18	0	110
2025.12.24	08:04:00	48447.46	48447.46	48446.46	48446.46	4	0	110
2025.12.24	08:05:00	48446.46	48446.46	48444.46	48446.46	9	0	110
2025.12.24	08:06:00	48446.46	48447.46	48446.46	48446.46	5	0	110
2025.12.24	08:07:00	48446.46	48447.46	48443.46	48447.46	7	0	110
2025.12.24	08:08:00	48447.46	48447.46	48445.46	48447.46	8	0	110
2025.12.24	08:09:00	48446.46	48449.46	48446.46	48448.46	7	0	110
2025.12.24	08:10:00	48448.46	48448.46	48446.46	48447.46	8	0	110
2025.12.24	08:11:00	48447.46	48449.46	48447.46	48449.46	9	0	110
2025.12.24	08:12:00	48448.46	48449.46	48447.46	48448.46	9	0	110
2025.12.24	08:13:00	48447.46	48449.46	48447.46	48449.46	3	0	110
2025.12.24	08:14:00	48449.46	48449.46	48449.46	48449.46	1	0	110
2025.12.24	08:15:00	48449.46	48450.46	48449.46	48450.46	6	0	110
2025.12.24	08:16:00	48451.46	48452.46	48449.46	48449.46	13	0	110
2025.12.24	08:17:00	48449.46	48449.46	48448.46	48448.46	6	0	110
2025.12.24	08:18:00	48449.46	48449.46	48448.46	48448.46	6	0	110
2025.12.24	08:19:00	48449.46	48452.46	48448.46	48452.46	14	0	110
2025.12.24	08:20:00	48451.46	48452.46	48451.46	48451.46	3	0	110
2025.12.24	08:21:00	48450.46	48451.46	48450.46	48451.46	2	0	110
2025.12.24	08:22:00	48450.46	48451.46	48450.46	48450.46	5	0	110
2025.12.24	08:23:00	48450.46	48451.46	48450.46	48451.46	4	0	110
2025.12.24	08:24:00	48451.46	48451.46	48450.46	48451.46	5	0	110
2025.12.24	08:25:00	48451.46	48451.46	48450.46	48451.46	3	0	110
2025.12.24	08:26:00	48451.46	48452.46	48450.46	48451.46	9	0	110
2025.12.24	08:27:00	48451.46	48452.46	48451.46	48451.46	3	0	110
2025.12.24	08:28:00	48450.46	48451.46	48450.46	48451.46	4	0	110
2025.12.24	08:29:00	48451.46	48451.46	48448.46	48449.46	5	0	110
2025.12.24	08:30:00	48447.46	48448.46	48442.46	48444.46	15	0	110
2025.12.24	08:31:00	48445.46	48449.46	48445.46	48447.46	11	0	110
2025.12.24	08:32:00	48446.46	48447.46	48445.46	48447.46	8	0	110
2025.12.24	08:33:00	48447.46	48448.46	48446.46	48447.46	5	0	110
2025.12.24	08:34:00	48448.46	48449.46	48447.46	48448.46	6	0	110
2025.12.24	08:35:00	48449.46	48449.46	48448.46	48448.46	2	0	110
2025.12.24	08:36:00	48447.46	48448.46	48447.46	48448.46	2	0	110
2025.12.24	08:37:00	48448.46	48450.46	48448.46	48449.46	8	0	110
2025.12.24	08:38:00	48447.46	48449.46	48447.46	48449.46	5	0	110
2025.12.24	08:39:00	48449.46	48452.46	48449.46	48452.46	8	0	110
2025.12.24	08:40:00	48453.46	48453.46	48450.46	48452.46	6	0	110
2025.12.24	08:41:00	48451.46	48451.46	48450.46	48450.46	2	0	110
2025.12.24	08:42:00	48450.46	48450.46	48450.46	48450.46	1	0	110
2025.12.24	08:43:00	48450.46	48452.46	48450.46	48451.46	4	0	110
2025.12.24	08:44:00	48452.46	48452.46	48450.46	48452.46	7	0	110
2025.12.24	08:45:00	48451.46	48453.46	48450.46	48453.46	7	0	110
2025.12.24	08:46:00	48453.46	48454.46	48453.46	48454.46	2	0	110
2025.12.24	08:47:00	48453.46	48457.46	48453.46	48456.46	7	0	110
2025.12.24	08:48:00	48455.46	48456.46	48455.46	48455.46	7	0	110
2025.12.24	08:49:00	48455.46	48456.46	48455.46	48455.46	3	0	110
2025.12.24	08:50:00	48454.46	48455.46	48454.46	48455.46	2	0	110
2025.12.24	08:51:00	48454.46	48456.46	48454.46	48455.46	4	0	110
2025.12.24	08:52:00	48455.46	48456.46	48454.46	48455.46	5	0	110
2025.12.24	08:53:00	48455.46	48455.46	48453.46	48453.46	3	0	110
2025.12.24	08:54:00	48454.46	48454.46	48453.46	48453.46	4	0	110
2025.12.24	08:55:00	48452.46	48455.46	48452.46	48454.46	13	0	110
2025.12.24	08:56:00	48454.46	48455.46	48454.46	48455.46	2	0	110
2025.12.24	08:57:00	48456.46	48458.46	48456.46	48458.46	9	0	110
2025.12.24	08:58:00	48458.46	48458.46	48458.46	48458.46	1	0	110
2025.12.24	08:59:00	48457.46	48458.46	48456.46	48456.46	8	0	110
2025.12.24	09:00:00	48457.46	48459.46	48457.46	48459.46	2	0	110
2025.12.24	09:01:00	48458.46	48458.46	48455.46	48455.46	8	0	110
2025.12.24	09:02:00	48456.46	48457.46	48455.46	48457.46	8	0	110
2025.12.24	09:03:00	48457.46	48458.46	48456.46	48456.46	6	0	110
2025.12.24	09:04:00	48457.46	48458.46	48455.46	48458.46	5	0	110
2025.12.24	09:05:00	48458.46	48459.46	48456.46	48457.46	6	0	110
2025.12.24	09:06:00	48456.46	48457.46	48456.46	48457.46	2	0	110
2025.12.24	09:07:00	48457.46	48458.46	48457.46	48457.46	3	0	110
2025.12.24	09:08:00	48456.46	48457.46	48455.46	48457.46	10	0	110
2025.12.24	09:09:00	48456.46	48457.46	48456.46	48457.46	6	0	110
2025.12.24	09:10:00	48456.46	48457.46	48455.46	48456.46	5	0	110
2025.12.24	09:11:00	48457.46	48457.46	48455.46	48456.46	6	0	110
2025.12.24	09:12:00	48457.46	48457.46	48454.46	48456.46	8	0	110
2025.12.24	09:13:00	48455.46	48456.46	48455.46	48456.46	2	0	110
2025.12.24	09:14:00	48456.46	48457.46	48454.46	48454.46	8	0	110
2025.12.24	09:15:00	48453.46	48454.46	48453.46	48453.46	5	0	110
2025.12.24	09:16:00	48452.46	48452.46	48450.46	48451.46	8	0	110
2025.12.24	09:17:00	48452.46	48452.46	48449.46	48451.46	14	0	110
2025.12.24	09:18:00	48451.46	48454.46	48451.46	48454.46	4	0	110
2025.12.24	09:19:00	48453.46	48453.46	48451.46	48451.46	6	0	110
2025.12.24	09:20:00	48450.46	48451.46	48450.46	48451.46	4	0	110
2025.12.24	09:21:00	48451.46	48451.46	48449.46	48450.46	8	0	110
2025.12.24	09:22:00	48450.46	48450.46	48449.46	48449.46	2	0	110
2025.12.24	09:23:00	48450.46	48450.46	48448.46	48448.46	5	0	110
2025.12.24	09:24:00	48449.46	48449.46	48445.46	48445.46	8	0	110
2025.12.24	09:25:00	48444.46	48444.46	48443.46	48444.46	3	0	110
2025.12.24	09:26:00	48443.46	48444.46	48443.46	48443.46	3	0	110
2025.12.24	09:27:00	48444.46	48446.46	48444.46	48446.46	3	0	110
2025.12.24	09:28:00	48446.46	48446.46	48440.46	48440.46	9	0	110
2025.12.24	09:29:00	48439.46	48440.46	48437.46	48440.46	12	0	110
2025.12.24	09:30:00	48439.46	48444.46	48438.46	48443.46	13	0	110
2025.12.24	09:31:00	48445.46	48445.46	48443.46	48443.46	7	0	110
2025.12.24	09:32:00	48442.46	48445.46	48442.46	48443.46	11	0	110
2025.12.24	09:33:00	48444.46	48446.46	48443.46	48444.46	9	0	110
2025.12.24	09:34:00	48445.46	48445.46	48443.46	48444.46	6	0	110
2025.12.24	09:35:00	48444.46	48445.46	48444.46	48445.46	2	0	110
2025.12.24	09:36:00	48446.46	48447.46	48446.46	48447.46	8	0	110
2025.12.24	09:37:00	48448.46	48448.46	48445.46	48446.46	9	0	110
2025.12.24	09:38:00	48446.46	48446.46	48444.46	48444.46	3	0	110
2025.12.24	09:39:00	48445.46	48445.46	48444.46	48444.46	2	0	110
2025.12.24	09:40:00	48444.46	48444.46	48443.46	48443.46	4	0	110
2025.12.24	09:41:00	48442.46	48443.46	48442.46	48442.46	3	0	110
2025.12.24	09:42:00	48441.46	48442.46	48441.46	48442.46	2	0	110
2025.12.24	09:43:00	48442.46	48442.46	48439.46	48440.46	6	0	110
2025.12.24	09:44:00	48440.46	48441.46	48440.46	48440.46	3	0	110
2025.12.24	09:45:00	48441.46	48443.46	48440.46	48443.46	7	0	110
2025.12.24	09:46:00	48444.46	48446.46	48443.46	48446.46	7	0	110
2025.12.24	09:47:00	48446.46	48447.46	48443.46	48443.46	8	0	110
2025.12.24	09:48:00	48443.46	48443.46	48442.46	48442.46	2	0	110
2025.12.24	09:49:00	48442.46	48443.46	48442.46	48443.46	4	0	110
2025.12.24	09:50:00	48443.46	48444.46	48442.46	48442.46	4	0	110
2025.12.24	09:51:00	48441.46	48442.46	48441.46	48441.46	5	0	110
2025.12.24	09:52:00	48440.46	48440.46	48440.46	48440.46	1	0	110
2025.12.24	09:53:00	48441.46	48441.46	48439.46	48440.46	5	0	110
2025.12.24	09:54:00	48441.46	48441.46	48439.46	48440.46	6	0	110
2025.12.24	09:55:00	48440.46	48440.46	48439.46	48439.46	2	0	110
2025.12.24	09:56:00	48438.46	48440.46	48438.46	48439.46	4	0	110
2025.12.24	09:57:00	48440.46	48443.46	48439.46	48441.46	8	0	110
2025.12.24	09:58:00	48443.46	48443.46	48443.46	48443.46	1	0	110
2025.12.24	09:59:00	48442.46	48442.46	48440.46	48441.46	8	0	110
2025.12.24	10:00:00	48442.46	48448.46	48439.46	48446.96	24	0	110
2025.12.24	10:01:00	48447.46	48452.46	48447.46	48452.46	23	0	110
2025.12.24	10:02:00	48451.46	48453.46	48450.16	48452.16	19	0	110
2025.12.24	10:03:00	48451.96	48455.46	48451.46	48451.96	14	0	110
2025.12.24	10:04:00	48451.96	48452.46	48449.46	48449.46	18	0	110
2025.12.24	10:05:00	48448.46	48451.46	48448.46	48448.96	24	0	110
2025.12.24	10:06:00	48449.46	48450.46	48448.46	48450.46	16	0	110
2025.12.24	10:07:00	48449.96	48452.96	48449.46	48450.46	12	0	110
2025.12.24	10:08:00	48450.46	48450.46	48447.46	48448.46	11	0	110
2025.12.24	10:09:00	48447.96	48449.46	48447.96	48449.46	5	0	110
2025.12.24	10:10:00	48450.46	48451.46	48448.46	48448.96	14	0	110
2025.12.24	10:11:00	48450.46	48451.46	48444.96	48451.46	18	0	110
2025.12.24	10:12:00	48450.46	48451.46	48449.46	48449.46	15	0	110
2025.12.24	10:13:00	48447.46	48447.96	48445.46	48445.46	8	0	110
2025.12.24	10:14:00	48445.96	48449.46	48444.96	48448.96	13	0	110
2025.12.24	10:15:00	48448.46	48450.46	48444.96	48445.46	20	0	110
2025.12.24	10:16:00	48445.96	48446.96	48442.46	48446.96	17	0	110
2025.12.24	10:17:00	48446.46	48446.96	48445.46	48445.96	8	0	110
2025.12.24	10:18:00	48445.46	48445.46	48444.46	48444.46	7	0	110
2025.12.24	10:19:00	48444.46	48445.46	48444.46	48444.96	10	0	110
2025.12.24	10:20:00	48444.96	48449.46	48444.46	48448.46	10	0	110
2025.12.24	10:21:00	48448.46	48451.46	48448.46	48449.46	11	0	110
2025.12.24	10:22:00	48448.46	48449.46	48447.96	48449.46	9	0	110
2025.12.24	10:23:00	48448.96	48451.46	48448.46	48450.96	12	0	110
2025.12.24	10:24:00	48450.96	48455.96	48450.96	48454.46	9	0	110
2025.12.24	10:25:00	48454.46	48454.96	48451.46	48453.46	11	0	110
2025.12.24	10:26:00	48453.96	48453.96	48450.96	48451.96	9	0	110
2025.12.24	10:27:00	48452.96	48454.46	48452.16	48452.96	14	0	110
2025.12.24	10:28:00	48451.96	48451.96	48450.16	48451.96	12	0	110
2025.12.24	10:29:00	48452.46	48452.46	48450.46	48450.46	11	0	110
2025.12.24	10:30:00	48448.46	48449.96	48445.96	48447.46	22	0	110
2025.12.24	10:31:00	48448.16	48449.96	48446.46	48449.96	10	0	110
2025.12.24	10:32:00	48448.46	48448.46	48447.46	48447.46	4	0	110
2025.12.24	10:33:00	48447.96	48448.46	48446.46	48447.46	15	0	110
2025.12.24	10:34:00	48447.46	48450.46	48447.46	48450.46	12	0	110
2025.12.24	10:35:00	48450.46	48452.46	48450.46	48451.96	11	0	110
2025.12.24	10:36:00	48451.46	48452.46	48450.16	48450.96	11	0	110
2025.12.24	10:37:00	48450.96	48451.46	48449.46	48449.46	12	0	110
2025.12.24	10:38:00	48450.46	48450.46	48448.46	48448.46	17	0	110
2025.12.24	10:39:00	48447.16	48448.46	48447.16	48447.16	10	0	110
2025.12.24	10:40:00	48446.96	48448.46	48445.96	48448.46	18	0	110
2025.12.24	10:41:00	48448.46	48448.96	48446.96	48447.46	8	0	110
2025.12.24	10:42:00	48447.46	48447.46	48445.46	48446.46	8	0	110
2025.12.24	10:43:00	48446.46	48446.96	48445.46	48446.46	7	0	110
2025.12.24	10:44:00	48447.46	48447.46	48445.46	48445.46	8	0	110
2025.12.24	10:45:00	48445.96	48448.96	48445.46	48448.46	13	0	110
2025.12.24	10:46:00	48448.96	48449.46	48446.16	48446.16	8	0	110
2025.12.24	10:47:00	48446.46	48446.46	48444.96	48445.46	5	0	110
2025.12.24	10:48:00	48445.96	48449.46	48445.96	48448.96	9	0	110
2025.12.24	10:49:00	48449.46	48452.46	48449.46	48452.46	9	0	110
2025.12.24	10:50:00	48451.96	48451.96	48447.96	48447.96	9	0	110
2025.12.24	10:51:00	48447.96	48448.46	48446.46	48448.46	12	0	110
2025.12.24	10:52:00	48448.46	48448.46	48444.96	48445.46	8	0	110
2025.12.24	10:53:00	48445.96	48446.46	48444.46	48446.46	9	0	110
2025.12.24	10:54:00	48447.46	48447.46	48444.96	48445.96	13	0	110
2025.12.24	10:55:00	48444.46	48444.96	48443.96	48443.96	4	0	110
2025.12.24	10:56:00	48443.96	48445.46	48443.46	48445.46	7	0	110
2025.12.24	10:57:00	48445.96	48445.96	48444.46	48445.46	15	0	110
2025.12.24	10:58:00	48445.46	48446.96	48442.46	48442.46	16	0	110
2025.12.24	10:59:00	48443.46	48445.96	48443.46	48445.96	7	0	110
2025.12.24	11:00:00	48444.46	48445.46	48441.46	48444.96	19	0	110
2025.12.24	11:01:00	48444.96	48447.46	48444.96	48447.46	15	0	110
2025.12.24	11:02:00	48447.96	48448.96	48445.96	48446.46	12	0	110
2025.12.24	11:03:00	48444.96	48446.96	48444.46	48446.96	16	0	110
2025.12.24	11:04:00	48447.46	48448.46	48445.46	48447.46	19	0	110
2025.12.24	11:05:00	48447.96	48448.46	48445.96	48446.96	16	0	110
2025.12.24	11:06:00	48447.96	48448.96	48447.46	48448.46	9	0	110
2025.12.24	11:07:00	48448.96	48449.96	48448.46	48448.96	12	0	110
2025.12.24	11:08:00	48449.96	48452.46	48449.96	48451.46	9	0	110
2025.12.24	11:09:00	48452.46	48455.46	48452.46	48453.96	12	0	110
2025.12.24	11:10:00	48454.96	48457.46	48454.46	48456.96	12	0	110
2025.12.24	11:11:00	48456.46	48457.96	48456.46	48456.46	12	0	110
2025.12.24	11:12:00	48456.46	48460.96	48456.16	48460.96	11	0	110
2025.12.24	11:13:00	48460.46	48462.46	48458.96	48462.46	12	0	110
2025.12.24	11:14:00	48461.46	48462.96	48461.16	48461.16	9	0	110
2025.12.24	11:15:00	48463.46	48465.96	48462.46	48464.46	37	0	110
2025.12.24	11:16:00	48463.96	48469.46	48463.46	48468.46	25	0	110
2025.12.24	11:17:00	48469.46	48469.96	48462.46	48462.46	22	0	110
2025.12.24	11:18:00	48462.96	48463.46	48460.46	48460.46	16	0	110
2025.12.24	11:19:00	48460.96	48461.96	48458.46	48458.46	6	0	110
2025.12.24	11:20:00	48457.96	48459.46	48457.46	48457.46	8	0	110
2025.12.24	11:21:00	48457.96	48462.46	48457.46	48460.96	15	0	110
2025.12.24	11:22:00	48460.46	48461.46	48459.46	48459.46	19	0	110
2025.12.24	11:23:00	48458.96	48460.46	48458.46	48459.46	11	0	110
2025.12.24	11:24:00	48459.96	48460.96	48459.96	48460.96	3	0	110
2025.12.24	11:25:00	48461.46	48465.16	48461.46	48465.16	7	0	110
2025.12.24	11:26:00	48464.46	48465.96	48464.46	48465.96	6	0	110
2025.12.24	11:27:00	48463.96	48465.96	48463.46	48464.46	8	0	110
2025.12.24	11:28:00	48464.46	48466.46	48464.46	48465.96	8	0	110
2025.12.24	11:29:00	48466.46	48466.46	48463.96	48463.96	4	0	110
2025.12.24	11:30:00	48463.46	48463.46	48459.96	48461.46	10	0	110
2025.12.24	11:31:00	48460.96	48461.96	48459.96	48459.96	6	0	110
2025.12.24	11:32:00	48460.96	48465.46	48460.96	48465.46	8	0	110
2025.12.24	11:33:00	48464.96	48465.96	48464.46	48465.96	7	0	110
2025.12.24	11:34:00	48465.46	48467.46	48465.46	48466.46	7	0	110
2025.12.24	11:35:00	48465.46	48466.46	48465.46	48466.46	5	0	110
2025.12.24	11:36:00	48465.96	48469.46	48465.46	48469.46	15	0	110
2025.12.24	11:37:00	48468.96	48468.96	48467.46	48468.46	9	0	110
2025.12.24	11:38:00	48467.46	48469.96	48467.46	48469.46	8	0	110
2025.12.24	11:39:00	48469.46	48469.46	48467.46	48467.46	6	0	110
2025.12.24	11:40:00	48467.96	48468.46	48467.16	48467.46	11	0	110
2025.12.24	11:41:00	48467.46	48467.46	48463.46	48463.46	6	0	110
2025.12.24	11:42:00	48463.46	48463.46	48462.46	48462.46	5	0	110
2025.12.24	11:43:00	48462.96	48467.46	48462.96	48467.46	8	0	110
2025.12.24	11:44:00	48466.96	48466.96	48464.96	48464.96	4	0	110
2025.12.24	11:45:00	48464.96	48464.96	48463.96	48463.96	3	0	110
2025.12.24	11:46:00	48462.46	48464.46	48461.96	48463.96	11	0	110
2025.12.24	11:47:00	48463.96	48464.46	48463.16	48463.16	6	0	110
2025.12.24	11:48:00	48463.46	48466.46	48462.96	48466.46	10	0	110
2025.12.24	11:49:00	48466.46	48467.46	48463.96	48463.96	8	0	110
2025.12.24	11:50:00	48463.96	48465.96	48463.46	48464.16	9	0	110
2025.12.24	11:51:00	48463.96	48464.96	48463.16	48464.16	7	0	110
2025.12.24	11:52:00	48464.46	48466.46	48464.46	48465.46	3	0	110
2025.12.24	11:53:00	48465.46	48465.96	48464.16	48464.96	12	0	110
2025.12.24	11:54:00	48464.46	48465.46	48464.46	48464.96	4	0	110
2025.12.24	11:55:00	48464.46	48464.46	48464.46	48464.46	1	0	110
2025.12.24	11:56:00	48464.46	48464.46	48463.96	48463.96	2	0	110
2025.12.24	11:57:00	48462.96	48464.46	48462.46	48464.46	8	0	110
2025.12.24	11:58:00	48464.46	48465.46	48464.46	48465.46	4	0	110
2025.12.24	11:59:00	48464.96	48465.46	48464.96	48465.46	2	0	110
2025.12.24	12:00:00	48464.46	48465.16	48463.16	48464.46	7	0	110
2025.12.24	12:01:00	48464.46	48465.46	48464.46	48465.46	5	0	110
2025.12.24	12:02:00	48464.16	48465.46	48463.96	48464.46	4	0	110
2025.12.24	12:03:00	48464.96	48464.96	48462.46	48462.46	8	0	110
2025.12.24	12:04:00	48461.96	48461.96	48457.46	48457.46	14	0	110
2025.12.24	12:05:00	48457.46	48457.96	48455.96	48456.96	9	0	110
2025.12.24	12:06:00	48457.96	48459.96	48456.46	48459.96	9	0	110
2025.12.24	12:07:00	48460.96	48460.96	48459.46	48459.46	5	0	110
2025.12.24	12:08:00	48460.46	48463.96	48459.96	48461.96	15	0	110
2025.12.24	12:09:00	48461.96	48463.46	48460.46	48462.96	10	0	110
2025.12.24	12:10:00	48463.46	48463.96	48462.46	48463.96	7	0	110
2025.12.24	12:11:00	48461.96	48461.96	48460.46	48460.46	5	0	110
2025.12.24	12:12:00	48460.46	48462.46	48460.46	48461.96	8	0	110
2025.12.24	12:13:00	48462.46	48463.96	48462.46	48462.46	6	0	110
2025.12.24	12:14:00	48462.46	48462.96	48462.46	48462.96	2	0	110
2025.12.24	12:15:00	48463.96	48463.96	48461.46	48462.96	10	0	110
2025.12.24	12:16:00	48462.96	48465.46	48462.46	48464.46	9	0	110
2025.12.24	12:17:00	48464.46	48465.46	48464.46	48465.46	4	0	110
2025.12.24	12:18:00	48464.46	48465.46	48464.46	48464.96	10	0	110
2025.12.24	12:19:00	48465.96	48465.96	48464.46	48465.46	8	0	110
2025.12.24	12:20:00	48466.46	48467.96	48465.16	48467.46	9	0	110
2025.12.24	12:21:00	48467.46	48467.46	48465.16	48466.46	10	0	110
2025.12.24	12:22:00	48465.46	48465.46	48461.96	48461.96	16	0	110
2025.12.24	12:23:00	48462.96	48463.96	48462.46	48463.46	11	0	110
2025.12.24	12:24:00	48462.96	48464.46	48462.46	48462.46	7	0	110
2025.12.24	12:25:00	48461.46	48461.96	48460.46	48460.46	5	0	110
2025.12.24	12:26:00	48460.96	48463.16	48460.46	48463.16	8	0	110
2025.12.24	12:27:00	48463.46	48464.96	48461.46	48464.46	14	0	110
2025.12.24	12:28:00	48463.96	48465.46	48463.96	48465.46	5	0	110
2025.12.24	12:29:00	48464.46	48466.96	48464.46	48465.46	8	0	110
2025.12.24	12:30:00	48465.96	48468.16	48465.46	48467.46	12	0	110
2025.12.24	12:31:00	48467.46	48467.46	48466.46	48467.16	5	0	110
2025.12.24	12:32:00	48466.96	48467.46	48465.46	48467.16	9	0	110
2025.12.24	12:33:00	48467.96	48469.16	48466.46	48468.46	12	0	110
2025.12.24	12:34:00	48468.16	48470.16	48467.46	48470.16	11	0	110
2025.12.24	12:35:00	48470.96	48470.96	48467.46	48467.46	5	0	110
2025.12.24	12:36:00	48468.46	48468.46	48466.46	48468.16	8	0	110
2025.12.24	12:37:00	48468.46	48468.46	48467.96	48468.46	3	0	110
2025.12.24	12:38:00	48468.16	48469.46	48468.16	48469.46	6	0	110
2025.12.24	12:39:00	48469.96	48471.16	48469.96	48470.46	7	0	110
2025.12.24	12:40:00	48469.96	48470.46	48468.46	48470.46	8	0	110
2025.12.24	12:41:00	48470.46	48471.46	48469.96	48471.46	5	0	110
2025.12.24	12:42:00	48470.96	48471.46	48469.16	48469.46	7	0	110
2025.12.24	12:43:00	48468.96	48469.46	48468.46	48468.46	6	0	110
2025.12.24	12:44:00	48468.46	48468.96	48468.46	48468.96	2	0	110
2025.12.24	12:45:00	48468.46	48468.46	48466.96	48468.46	7	0	110
2025.12.24	12:46:00	48468.46	48468.46	48466.46	48466.96	9	0	110
2025.12.24	12:47:00	48467.46	48467.46	48465.46	48466.46	7	0	110
2025.12.24	12:48:00	48466.46	48466.46	48464.46	48464.46	11	0	110
2025.12.24	12:49:00	48464.46	48464.96	48463.46	48463.46	5	0	110
2025.12.24	12:50:00	48463.46	48464.46	48463.46	48463.46	6	0	110
2025.12.24	12:51:00	48464.46	48467.46	48464.46	48467.46	6	0	110
2025.12.24	12:52:00	48467.46	48468.16	48467.46	48467.46	9	0	110
2025.12.24	12:53:00	48466.96	48467.96	48466.96	48467.46	7	0	110
2025.12.24	12:54:00	48467.96	48470.46	48467.46	48470.46	6	0	110
2025.12.24	12:55:00	48471.46	48473.46	48471.16	48473.46	15	0	110
2025.12.24	12:56:00	48473.96	48474.46	48472.16	48472.16	9	0	110
2025.12.24	12:57:00	48473.46	48474.96	48473.46	48474.96	8	0	110
2025.12.24	12:58:00	48475.46	48476.46	48474.96	48474.96	7	0	110
2025.12.24	12:59:00	48475.46	48475.46	48471.46	48471.46	7	0	110
2025.12.24	13:00:00	48470.16	48471.46	48470.16	48470.46	6	0	110
2025.12.24	13:01:00	48469.46	48470.46	48469.16	48469.96	15	0	110
2025.12.24	13:02:00	48469.96	48470.46	48469.46	48469.46	6	0	110
2025.12.24	13:03:00	48470.46	48470.46	48468.46	48468.46	4	0	110
2025.12.24	13:04:00	48469.46	48470.96	48469.46	48470.46	4	0	110
2025.12.24	13:05:00	48470.46	48470.46	48469.46	48470.46	3	0	110
2025.12.24	13:06:00	48470.46	48472.16	48470.46	48472.16	7	0	110
2025.12.24	13:07:00	48472.46	48472.46	48471.46	48472.46	4	0	110
2025.12.24	13:08:00	48471.46	48472.96	48471.46	48472.96	4	0	110
2025.12.24	13:09:00	48472.46	48473.46	48472.16	48472.46	8	0	110
2025.12.24	13:10:00	48471.96	48472.96	48471.16	48472.96	8	0	110
2025.12.24	13:11:00	48472.96	48472.96	48470.46	48470.46	6	0	110
2025.12.24	13:12:00	48469.96	48470.46	48469.96	48470.46	4	0	110
2025.12.24	13:13:00	48470.46	48471.46	48469.96	48470.96	6	0	110
2025.12.24	13:14:00	48470.46	48470.46	48467.96	48469.46	9	0	110
2025.12.24	13:15:00	48469.46	48469.46	48468.46	48468.46	7	0	110
2025.12.24	13:16:00	48468.46	48470.46	48468.46	48470.46	6	0	110
2025.12.24	13:17:00	48471.46	48471.46	48469.46	48469.96	5	0	110
2025.12.24	13:18:00	48468.96	48469.46	48468.46	48468.96	9	0	110
2025.12.24	13:19:00	48468.46	48469.46	48467.46	48469.16	12	0	110
2025.12.24	13:20:00	48468.46	48469.46	48465.46	48465.96	16	0	110
2025.12.24	13:21:00	48465.46	48468.46	48464.96	48467.96	10	0	110
2025.12.24	13:22:00	48467.96	48470.46	48467.96	48468.96	11	0	110
2025.12.24	13:23:00	48469.46	48469.46	48467.96	48467.96	4	0	110
2025.12.24	13:24:00	48467.96	48468.46	48467.46	48467.46	4	0	110
2025.12.24	13:25:00	48468.46	48470.96	48468.46	48470.96	4	0	110
2025.12.24	13:26:00	48471.46	48471.46	48470.46	48471.16	8	0	110
2025.12.24	13:27:00	48469.46	48469.46	48467.46	48467.46	4	0	110
2025.12.24	13:28:00	48466.96	48470.46	48466.96	48468.96	12	0	110
2025.12.24	13:29:00	48469.96	48471.16	48469.46	48471.16	8	0	110
2025.12.24	13:30:00	48470.16	48470.16	48467.46	48467.46	10	0	110
2025.12.24	13:31:00	48467.46	48470.46	48467.46	48470.46	10	0	110
2025.12.24	13:32:00	48470.46	48471.46	48468.46	48468.46	10	0	110
2025.12.24	13:33:00	48469.46	48469.46	48465.46	48465.46	9	0	110
2025.12.24	13:34:00	48465.96	48467.96	48465.96	48467.96	11	0	110
2025.12.24	13:35:00	48468.46	48468.46	48466.96	48466.96	6	0	110
2025.12.24	13:36:00	48465.96	48466.46	48463.96	48466.46	8	0	110
2025.12.24	13:37:00	48466.46	48466.46	48463.96	48464.96	8	0	110
2025.12.24	13:38:00	48464.96	48464.96	48462.16	48463.46	12	0	110
2025.12.24	13:39:00	48463.96	48467.16	48463.46	48467.16	9	0	110
2025.12.24	13:40:00	48466.46	48466.46	48465.46	48465.46	6	0	110
2025.12.24	13:41:00	48466.46	48469.46	48466.46	48469.46	15	0	110
2025.12.24	13:42:00	48469.46	48469.46	48467.46	48467.46	7	0	110
2025.12.24	13:43:00	48467.46	48467.96	48466.46	48467.46	7	0	110
2025.12.24	13:44:00	48466.96	48466.96	48465.46	48465.46	6	0	110
2025.12.24	13:45:00	48464.96	48464.96	48463.96	48463.96	3	0	110
2025.12.24	13:46:00	48462.46	48463.46	48461.46	48461.96	9	0	110
2025.12.24	13:47:00	48460.96	48461.96	48458.46	48459.46	10	0	110
2025.12.24	13:48:00	48458.96	48460.96	48458.46	48460.96	11	0	110
2025.12.24	13:49:00	48461.46	48461.96	48458.46	48458.96	8	0	110
2025.12.24	13:50:00	48457.96	48457.96	48455.16	48456.46	6	0	110
2025.12.24	13:51:00	48456.96	48456.96	48454.96	48454.96	3	0	110
2025.12.24	13:52:00	48453.96	48454.46	48450.46	48450.96	12	0	110
2025.12.24	13:53:00	48451.46	48455.46	48450.96	48455.46	8	0	110
2025.12.24	13:54:00	48455.46	48455.46	48453.96	48455.46	6	0	110
2025.12.24	13:55:00	48455.46	48456.96	48454.16	48456.96	13	0	110
2025.12.24	13:56:00	48457.46	48457.46	48454.46	48454.46	11	0	110
2025.12.24	13:57:00	48454.96	48456.46	48454.96	48456.46	6	0	110
2025.12.24	13:58:00	48455.46	48456.16	48454.96	48455.46	5	0	110
2025.12.24	13:59:00	48455.46	48456.96	48455.46	48456.96	6	0	110
2025.12.24	14:00:00	48457.96	48459.46	48454.46	48454.96	13	0	110
2025.12.24	14:01:00	48452.96	48456.96	48452.96	48456.96	17	0	110
2025.12.24	14:02:00	48454.96	48454.96	48449.96	48450.96	25	0	110
2025.12.24	14:03:00	48450.96	48457.46	48450.96	48457.16	14	0	110
2025.12.24	14:04:00	48457.96	48457.96	48455.96	48457.46	10	0	110
2025.12.24	14:05:00	48456.96	48456.96	48454.46	48454.96	15	0	110
2025.12.24	14:06:00	48454.96	48460.46	48454.96	48460.46	15	0	110
2025.12.24	14:07:00	48460.96	48461.46	48460.46	48460.46	10	0	110
2025.12.24	14:08:00	48459.96	48461.96	48458.96	48458.96	15	0	110
2025.12.24	14:09:00	48459.46	48459.46	48458.46	48458.96	11	0	110
2025.12.24	14:10:00	48458.96	48462.46	48458.96	48461.96	8	0	110
2025.12.24	14:11:00	48462.96	48464.46	48462.46	48462.96	10	0	110
2025.12.24	14:12:00	48462.46	48463.46	48460.96	48460.96	9	0	110
2025.12.24	14:13:00	48460.46	48462.96	48459.46	48462.96	14	0	110
2025.12.24	14:14:00	48463.46	48464.96	48463.16	48464.46	7	0	110
2025.12.24	14:15:00	48465.46	48468.46	48464.46	48467.46	16	0	110
2025.12.24	14:16:00	48467.46	48469.96	48464.46	48469.96	13	0	110
2025.12.24	14:17:00	48469.46	48469.46	48464.96	48468.46	18	0	110
2025.12.24	14:18:00	48467.96	48469.96	48467.96	48468.46	9	0	110
2025.12.24	14:19:00	48467.96	48471.46	48467.46	48471.46	12	0	110
2025.12.24	14:20:00	48471.46	48475.46	48470.96	48474.46	15	0	110
2025.12.24	14:21:00	48473.96	48474.46	48471.96	48472.46	20	0	110
2025.12.24	14:22:00	48472.46	48472.46	48470.46	48471.46	10	0	110
2025.12.24	14:23:00	48471.46	48471.96	48470.16	48470.46	13	0	110
2025.12.24	14:24:00	48469.46	48470.46	48467.46	48469.46	16	0	110
2025.12.24	14:25:00	48468.96	48469.46	48466.96	48467.46	8	0	110
2025.12.24	14:26:00	48467.46	48468.46	48467.46	48468.46	9	0	110
2025.12.24	14:27:00	48468.46	48468.96	48467.96	48467.96	4	0	110
2025.12.24	14:28:00	48467.96	48468.46	48463.46	48465.46	13	0	110
2025.12.24	14:29:00	48464.46	48464.46	48460.46	48460.96	13	0	110
2025.12.24	14:30:00	48461.46	48464.46	48461.46	48463.96	9	0	110
2025.12.24	14:31:00	48465.46	48465.96	48464.46	48464.96	9	0	110
2025.12.24	14:32:00	48465.46	48465.46	48463.96	48464.46	9	0	110
2025.12.24	14:33:00	48463.96	48464.46	48462.46	48463.96	8	0	110
2025.12.24	14:34:00	48463.46	48464.96	48461.96	48462.46	13	0	110
2025.12.24	14:35:00	48462.46	48463.96	48461.96	48461.96	10	0	110
2025.12.24	14:36:00	48462.46	48463.46	48460.46	48460.96	12	0	110
2025.12.24	14:37:00	48461.46	48463.96	48460.46	48463.96	14	0	110
2025.12.24	14:38:00	48465.96	48465.96	48461.46	48461.46	21	0	110
2025.12.24	14:39:00	48461.46	48463.16	48461.46	48461.46	9	0	110
2025.12.24	14:40:00	48461.46	48463.96	48461.46	48462.46	9	0	110
2025.12.24	14:41:00	48462.46	48462.46	48455.96	48455.96	15	0	110
2025.12.24	14:42:00	48455.96	48456.96	48455.46	48456.96	9	0	110
2025.12.24	14:43:00	48455.96	48459.96	48455.16	48459.96	18	0	110
2025.12.24	14:44:00	48461.46	48463.46	48459.46	48463.16	13	0	110
2025.12.24	14:45:00	48462.46	48463.46	48461.96	48461.96	7	0	110
2025.12.24	14:46:00	48461.16	48464.46	48460.96	48464.46	13	0	110
2025.12.24	14:47:00	48463.46	48464.46	48462.96	48463.46	10	0	110
2025.12.24	14:48:00	48462.96	48462.96	48459.96	48460.46	9	0	110
2025.12.24	14:49:00	48459.46	48462.46	48459.46	48461.46	8	0	110
2025.12.24	14:50:00	48462.46	48465.46	48461.46	48465.46	12	0	110
2025.12.24	14:51:00	48464.46	48464.46	48462.96	48463.46	7	0	110
2025.12.24	14:52:00	48462.46	48464.96	48462.46	48464.46	8	0	110
2025.12.24	14:53:00	48465.46	48468.96	48465.16	48468.46	18	0	110
2025.12.24	14:54:00	48467.96	48469.46	48466.96	48468.46	8	0	110
2025.12.24	14:55:00	48469.46	48471.46	48468.16	48471.46	12	0	110
2025.12.24	14:56:00	48472.46	48472.46	48470.16	48470.46	14	0	110
2025.12.24	14:57:00	48469.46	48469.96	48468.96	48468.96	6	0	110
2025.12.24	14:58:00	48469.46	48472.96	48468.96	48471.96	16	0	110
2025.12.24	14:59:00	48471.96	48473.46	48471.96	48472.46	8	0	110
2025.12.24	15:00:00	48473.46	48473.46	48465.46	48468.96	28	0	110
2025.12.24	15:01:00	48468.46	48471.46	48466.96	48466.96	18	0	110
2025.12.24	15:02:00	48466.46	48467.46	48465.96	48466.46	14	0	110
2025.12.24	15:03:00	48465.96	48465.96	48461.46	48461.96	14	0	110
2025.12.24	15:04:00	48460.46	48462.96	48459.46	48462.96	27	0	110
2025.12.24	15:05:00	48461.96	48464.46	48460.96	48464.46	13	0	110
2025.12.24	15:06:00	48464.96	48466.46	48462.96	48462.96	19	0	110
2025.12.24	15:07:00	48463.46	48463.46	48460.46	48460.46	23	0	110
2025.12.24	15:08:00	48459.96	48462.46	48459.96	48461.46	9	0	110
2025.12.24	15:09:00	48461.16	48461.16	48451.46	48451.96	20	0	110
2025.12.24	15:10:00	48451.96	48452.96	48446.96	48451.46	27	0	110
2025.12.24	15:11:00	48451.96	48453.46	48450.46	48453.16	21	0	110
2025.12.24	15:12:00	48453.96	48456.46	48453.96	48455.46	11	0	110
2025.12.24	15:13:00	48455.96	48458.96	48454.46	48457.46	24	0	110
2025.12.24	15:14:00	48456.96	48462.46	48456.46	48462.46	13	0	110
2025.12.24	15:15:00	48460.96	48464.96	48460.96	48464.96	12	0	110
2025.12.24	15:16:00	48463.96	48465.46	48461.46	48465.46	11	0	110
2025.12.24	15:17:00	48466.46	48472.96	48465.46	48472.96	22	0	110
2025.12.24	15:18:00	48473.26	48473.96	48471.96	48472.26	10	0	110
2025.12.24	15:19:00	48472.96	48473.96	48472.96	48472.96	6	0	110
2025.12.24	15:20:00	48474.96	48474.96	48467.96	48467.96	14	0	110
2025.12.24	15:21:00	48467.96	48467.96	48464.96	48466.96	14	0	110
2025.12.24	15:22:00	48466.96	48469.96	48466.96	48468.96	11	0	110
2025.12.24	15:23:00	48467.96	48468.96	48466.96	48466.96	7	0	110
2025.12.24	15:24:00	48466.96	48473.96	48466.96	48473.96	9	0	110
2025.12.24	15:25:00	48474.96	48476.96	48473.26	48475.96	10	0	110
2025.12.24	15:26:00	48474.96	48475.96	48472.96	48475.26	11	0	110
2025.12.24	15:27:00	48474.96	48476.96	48474.96	48476.26	12	0	110
2025.12.24	15:28:00	48475.96	48477.96	48473.96	48477.96	19	0	110
2025.12.24	15:29:00	48478.96	48478.96	48471.61	48472.01	27	0	110
2025.12.24	15:30:00	48471.61	48484.96	48471.61	48484.96	52	0	110
2025.12.24	15:31:00	48486.96	48491.96	48484.26	48488.96	60	0	110
2025.12.24	15:32:00	48488.26	48490.96	48488.26	48489.26	28	0	110
2025.12.24	15:33:00	48489.96	48491.26	48486.26	48487.96	19	0	110
2025.12.24	15:34:00	48488.96	48489.26	48485.96	48486.26	25	0	110
2025.12.24	15:35:00	48484.96	48488.26	48484.26	48485.96	23	0	110
2025.12.24	15:36:00	48486.96	48488.96	48484.26	48484.26	15	0	110
2025.12.24	15:37:00	48483.26	48488.96	48483.26	48488.96	33	0	110
2025.12.24	15:38:00	48489.96	48489.96	48486.96	48487.96	12	0	110
2025.12.24	15:39:00	48487.26	48491.96	48487.26	48488.96	21	0	110
2025.12.24	15:40:00	48489.26	48489.26	48485.96	48487.26	15	0	110
2025.12.24	15:41:00	48488.96	48496.26	48488.96	48495.96	27	0	110
2025.12.24	15:42:00	48494.96	48499.96	48494.96	48497.96	27	0	110
2025.12.24	15:43:00	48498.96	48502.26	48496.96	48498.96	27	0	110
2025.12.24	15:44:00	48499.26	48499.96	48495.96	48496.96	14	0	110
2025.12.24	15:45:00	48497.96	48500.96	48497.96	48499.96	21	0	110
2025.12.24	15:46:00	48498.96	48498.96	48495.96	48496.96	6	0	110
2025.12.24	15:47:00	48495.96	48498.26	48495.96	48497.96	7	0	110
2025.12.24	15:48:00	48498.96	48501.96	48498.96	48501.96	5	0	110
2025.12.24	15:49:00	48502.96	48502.96	48496.96	48498.26	8	0	110
2025.12.24	15:50:00	48496.96	48497.96	48493.96	48493.96	15	0	110
2025.12.24	15:51:00	48492.96	48496.26	48492.96	48495.96	17	0	110
2025.12.24	15:52:00	48495.96	48497.96	48492.96	48497.96	22	0	110
2025.12.24	15:53:00	48496.96	48499.96	48492.96	48493.96	10	0	110
2025.12.24	15:54:00	48494.96	48496.96	48494.96	48496.26	10	0	110
2025.12.24	15:55:00	48496.96	48498.96	48495.26	48498.96	19	0	110
2025.12.24	15:56:00	48499.26	48500.96	48498.96	48499.96	15	0	110
2025.12.24	15:57:00	48499.96	48500.26	48497.96	48500.26	9	0	110
2025.12.24	15:58:00	48499.96	48500.96	48495.96	48497.96	19	0	110
2025.12.24	15:59:00	48497.96	48497.96	48492.96	48492.96	7	0	110
2025.12.24	16:00:00	48491.96	48493.96	48488.96	48490.96	33	0	110
2025.12.24	16:01:00	48490.26	48490.26	48486.26	48486.26	16	0	110
2025.12.24	16:02:00	48486.96	48493.96	48486.96	48493.96	28	0	110
2025.12.24	16:03:00	48492.96	48495.96	48490.26	48492.96	16	0	110
2025.12.24	16:04:00	48491.96	48496.96	48491.96	48496.26	17	0	110
2025.12.24	16:05:00	48496.96	48499.96	48496.96	48498.96	21	0	110
2025.12.24	16:06:00	48497.96	48504.96	48496.96	48503.96	31	0	110
2025.12.24	16:07:00	48502.96	48504.26	48500.96	48504.26	16	0	110
2025.12.24	16:08:00	48505.96	48505.96	48501.96	48502.96	13	0	110
2025.12.24	16:09:00	48503.96	48506.96	48502.96	48506.96	18	0	110
2025.12.24	16:10:00	48505.96	48510.96	48504.96	48508.96	19	0	110
2025.12.24	16:11:00	48509.26	48509.96	48508.96	48509.26	10	0	110
2025.12.24	16:12:00	48508.96	48509.96	48506.96	48509.96	19	0	110
2025.12.24	16:13:00	48508.96	48508.96	48504.96	48504.96	16	0	110
2025.12.24	16:14:00	48503.96	48506.96	48503.96	48504.96	8	0	110
2025.12.24	16:15:00	48505.96	48507.96	48501.96	48501.96	19	0	110
2025.12.24	16:16:00	48501.96	48503.96	48499.96	48500.96	13	0	110
2025.12.24	16:17:00	48499.96	48500.96	48498.96	48499.96	11	0	110
2025.12.24	16:18:00	48498.96	48498.96	48495.96	48497.26	16	0	110
2025.12.24	16:19:00	48496.96	48496.96	48492.96	48492.96	14	0	110
2025.12.24	16:20:00	48493.96	48495.96	48491.96	48491.96	13	0	110
2025.12.24	16:21:00	48493.96	48497.26	48493.96	48494.96	16	0	110
2025.12.24	16:22:00	48493.96	48494.96	48488.96	48490.96	23	0	110
2025.12.24	16:23:00	48489.96	48490.96	48486.96	48486.96	19	0	110
2025.12.24	16:24:00	48487.96	48488.96	48482.96	48485.96	16	0	110
2025.12.24	16:25:00	48487.96	48487.96	48482.26	48484.96	39	0	110
2025.12.24	16:26:00	48485.26	48488.96	48483.96	48485.96	30	0	110
2025.12.24	16:27:00	48484.96	48492.96	48484.96	48492.96	40	0	110
2025.12.24	16:28:00	48491.96	48500.26	48488.96	48500.26	69	0	110
2025.12.24	16:29:00	48500.26	48502.26	48480.96	48486.96	64	0	110
2025.12.24	16:30:00	48488.96	48488.96	48423.26	48464.11	281	0	110
2025.12.24	16:31:00	48468.11	48552.11	48468.11	48550.11	245	0	110
2025.12.24	16:32:00	48553.11	48560.11	48527.11	48532.11	212	0	110
2025.12.24	16:33:00	48535.11	48544.11	48525.11	48529.11	191	0	110
2025.12.24	16:34:00	48529.11	48534.11	48496.11	48497.11	186	0	110
2025.12.24	16:35:00	48499.11	48520.11	48490.11	48513.11	193	0	110
2025.12.24	16:36:00	48514.11	48533.11	48509.11	48530.11	181	0	110
2025.12.24	16:37:00	48529.11	48533.11	48518.11	48519.11	172	0	110
2025.12.24	16:38:00	48519.11	48528.11	48504.11	48516.11	166	0	110
2025.12.24	16:39:00	48515.11	48516.11	48504.11	48513.11	148	0	110
2025.12.24	16:40:00	48513.11	48538.11	48508.11	48536.11	156	0	110
2025.12.24	16:41:00	48534.11	48552.11	48528.11	48549.11	152	0	110
2025.12.24	16:42:00	48548.11	48570.11	48539.11	48567.11	156	0	110
2025.12.24	16:43:00	48566.11	48569.11	48557.11	48560.11	145	0	110
2025.12.24	16:44:00	48561.11	48564.11	48552.11	48555.11	125	0	110
2025.12.24	16:45:00	48555.11	48571.11	48551.11	48564.11	148	0	110
2025.12.24	16:46:00	48562.11	48578.11	48560.11	48572.11	138	0	110
2025.12.24	16:47:00	48573.11	48590.11	48567.11	48589.11	119	0	110
2025.12.24	16:48:00	48591.11	48591.11	48579.11	48590.11	115	0	110
2025.12.24	16:49:00	48591.11	48601.11	48583.11	48596.11	117	0	110
2025.12.24	16:50:00	48595.11	48626.11	48589.11	48625.11	130	0	110
2025.12.24	16:51:00	48626.11	48628.11	48617.11	48618.11	113	0	110
2025.12.24	16:52:00	48617.11	48627.11	48613.11	48613.11	106	0	110
2025.12.24	16:53:00	48612.11	48622.11	48608.11	48620.11	121	0	110
2025.12.24	16:54:00	48622.11	48628.11	48608.11	48610.11	88	0	110
2025.12.24	16:55:00	48611.11	48614.11	48598.11	48607.11	86	0	110
2025.12.24	16:56:00	48606.11	48607.11	48586.11	48590.11	100	0	110
2025.12.24	16:57:00	48590.11	48590.11	48566.46	48568.46	97	0	110
2025.12.24	16:58:00	48569.46	48589.46	48569.46	48588.46	99	0	110
2025.12.24	16:59:00	48589.46	48589.46	48579.46	48584.46	97	0	110
2025.12.24	17:00:00	48585.46	48603.46	48579.46	48587.46	124	0	110
2025.12.24	17:01:00	48588.46	48601.46	48584.46	48595.46	104	0	110
2025.12.24	17:02:00	48596.46	48604.46	48588.46	48603.46	108	0	110
2025.12.24	17:03:00	48604.46	48612.46	48601.46	48608.46	98	0	110
2025.12.24	17:04:00	48606.46	48612.46	48602.46	48604.46	116	0	110
2025.12.24	17:05:00	48605.46	48607.46	48594.46	48594.46	86	0	110
2025.12.24	17:06:00	48594.46	48600.46	48587.46	48593.46	97	0	110
2025.12.24	17:07:00	48592.46	48606.46	48584.46	48603.81	83	0	110
2025.12.24	17:08:00	48605.46	48615.11	48599.46	48601.46	96	0	110
2025.12.24	17:09:00	48602.46	48608.46	48601.46	48601.46	87	0	110
2025.12.24	17:10:00	48602.46	48620.46	48602.46	48615.46	96	0	110
2025.12.24	17:11:00	48617.46	48620.46	48606.46	48609.46	100	0	110
2025.12.24	17:12:00	48610.46	48617.46	48607.46	48609.46	93	0	110
2025.12.24	17:13:00	48609.46	48621.46	48609.46	48621.46	88	0	110
2025.12.24	17:14:00	48620.46	48629.46	48615.46	48627.46	104	0	110
2025.12.24	17:15:00	48629.46	48645.46	48628.46	48640.46	88	0	110
2025.12.24	17:16:00	48641.46	48642.46	48633.46	48639.46	83	0	110
2025.12.24	17:17:00	48640.46	48641.46	48627.46	48629.46	81	0	110
2025.12.24	17:18:00	48629.46	48631.46	48620.46	48626.46	89	0	110
2025.12.24	17:19:00	48627.46	48633.46	48625.46	48628.46	80	0	110
2025.12.24	17:20:00	48629.46	48638.46	48623.46	48625.46	87	0	110
2025.12.24	17:21:00	48626.46	48636.46	48623.46	48624.46	73	0	110
2025.12.24	17:22:00	48624.46	48628.46	48620.46	48624.46	113	0	110
2025.12.24	17:23:00	48623.46	48639.11	48621.46	48637.06	94	0	110
2025.12.24	17:24:00	48638.06	48648.11	48633.11	48648.11	103	0	110
2025.12.24	17:25:00	48649.11	48661.11	48638.11	48660.11	102	0	110
2025.12.24	17:26:00	48662.11	48678.11	48659.11	48673.11	97	0	110
2025.12.24	17:27:00	48673.11	48676.11	48667.81	48670.11	85	0	110
2025.12.24	17:28:00	48669.46	48677.46	48664.46	48668.46	82	0	110
2025.12.24	17:29:00	48668.46	48677.46	48668.46	48673.46	60	0	110
2025.12.24	17:30:00	48671.46	48680.46	48664.46	48674.46	96	0	110
2025.12.24	17:31:00	48675.46	48683.46	48666.46	48671.46	91	0	110
2025.12.24	17:32:00	48670.46	48674.46	48663.46	48673.46	88	0	110
2025.12.24	17:33:00	48672.46	48678.46	48665.46	48667.46	83	0	110
2025.12.24	17:34:00	48668.46	48671.46	48661.46	48666.46	71	0	110
2025.12.24	17:35:00	48665.46	48676.46	48664.46	48667.46	76	0	110
2025.12.24	17:36:00	48666.46	48671.46	48656.46	48658.46	68	0	110
2025.12.24	17:37:00	48657.46	48667.46	48654.46	48666.46	62	0	110
2025.12.24	17:38:00	48667.46	48673.46	48661.46	48672.46	89	0	110
2025.12.24	17:39:00	48671.46	48672.46	48666.46	48672.46	68	0	110
2025.12.24	17:40:00	48671.46	48673.46	48660.46	48663.46	74	0	110
2025.12.24	17:41:00	48661.46	48673.46	48659.46	48673.46	66	0	110
2025.12.24	17:42:00	48672.46	48688.46	48672.46	48678.46	63	0	110
2025.12.24	17:43:00	48679.46	48683.46	48676.46	48680.46	73	0	110
2025.12.24	17:44:00	48681.46	48686.46	48680.46	48681.46	50	0	110
2025.12.24	17:45:00	48681.46	48686.46	48677.46	48678.46	85	0	110
2025.12.24	17:46:00	48677.46	48682.46	48670.46	48672.46	78	0	110
2025.12.24	17:47:00	48671.46	48671.46	48664.46	48665.46	54	0	110
2025.12.24	17:48:00	48666.46	48672.46	48663.46	48667.46	53	0	110
2025.12.24	17:49:00	48667.46	48672.46	48664.46	48672.46	59	0	110
2025.12.24	17:50:00	48673.46	48681.46	48672.46	48672.46	71	0	110
2025.12.24	17:51:00	48673.46	48675.46	48670.46	48672.46	52	0	110
2025.12.24	17:52:00	48673.46	48681.46	48673.46	48675.46	68	0	110
2025.12.24	17:53:00	48676.46	48682.46	48676.46	48681.46	47	0	110
2025.12.24	17:54:00	48681.46	48682.46	48674.46	48677.46	35	0	110
2025.12.24	17:55:00	48676.46	48679.46	48671.46	48678.46	71	0	110
2025.12.24	17:56:00	48677.46	48688.46	48674.46	48687.46	76	0	110
2025.12.24	17:57:00	48686.46	48692.46	48686.46	48689.46	50	0	110
2025.12.24	17:58:00	48691.46	48694.46	48688.46	48691.46	55	0	110
2025.12.24	17:59:00	48692.46	48695.46	48685.46	48688.46	51	0	110
2025.12.24	18:00:00	48687.46	48705.46	48686.46	48704.46	74	0	110
2025.12.24	18:01:00	48705.46	48710.46	48701.46	48709.46	42	0	110
2025.12.24	18:02:00	48710.46	48710.46	48700.46	48701.46	58	0	110
2025.12.24	18:03:00	48700.46	48705.46	48690.46	48694.46	60	0	110
2025.12.24	18:04:00	48695.46	48696.46	48690.46	48690.46	44	0	110
2025.12.24	18:05:00	48689.46	48693.46	48683.46	48685.46	58	0	110
2025.12.24	18:06:00	48687.46	48703.46	48684.46	48701.46	71	0	110
2025.12.24	18:07:00	48700.46	48701.46	48693.46	48701.46	64	0	110
2025.12.24	18:08:00	48700.46	48710.46	48700.46	48706.46	61	0	110
2025.12.24	18:09:00	48706.46	48708.46	48691.46	48691.46	56	0	110
2025.12.24	18:10:00	48692.46	48702.46	48692.46	48696.46	63	0	110
2025.12.24	18:11:00	48697.46	48703.46	48695.46	48701.46	59	0	110
2025.12.24	18:12:00	48700.46	48705.46	48698.46	48698.46	52	0	110
2025.12.24	18:13:00	48697.46	48706.46	48695.46	48703.46	62	0	110
2025.12.24	18:14:00	48702.46	48719.46	48701.46	48717.46	67	0	110
2025.12.24	18:15:00	48716.46	48717.46	48709.46	48710.46	84	0	110
2025.12.24	18:16:00	48709.46	48711.46	48703.46	48704.46	54	0	110
2025.12.24	18:17:00	48704.46	48706.46	48696.46	48699.46	57	0	110
2025.12.24	18:18:00	48697.46	48713.46	48697.46	48713.46	54	0	110
2025.12.24	18:19:00	48711.46	48724.46	48711.46	48724.46	58	0	110
2025.12.24	18:20:00	48725.46	48732.46	48724.46	48732.46	52	0	110
2025.12.24	18:21:00	48733.46	48743.46	48733.46	48736.46	52	0	110
2025.12.24	18:22:00	48735.46	48741.46	48733.46	48736.46	70	0	110
2025.12.24	18:23:00	48735.46	48738.46	48726.46	48727.46	51	0	110
2025.12.24	18:24:00	48726.46	48735.46	48725.46	48734.46	64	0	110
2025.12.24	18:25:00	48733.46	48735.46	48726.46	48729.46	59	0	110
2025.12.24	18:26:00	48730.46	48731.46	48726.46	48730.46	41	0	110
2025.12.24	18:27:00	48731.46	48736.46	48728.46	48730.46	56	0	110
2025.12.24	18:28:00	48730.46	48736.46	48727.46	48732.46	42	0	110
2025.12.24	18:29:00	48731.46	48739.46	48731.46	48737.46	42	0	110
2025.12.24	18:30:00	48735.46	48740.46	48732.46	48733.46	43	0	110
2025.12.24	18:31:00	48735.46	48742.46	48734.46	48737.46	42	0	110
2025.12.24	18:32:00	48737.46	48740.46	48735.46	48737.46	53	0	110
2025.12.24	18:33:00	48738.46	48744.46	48737.46	48744.46	74	0	110
2025.12.24	18:34:00	48742.46	48749.46	48740.46	48747.46	44	0	110
2025.12.24	18:35:00	48748.46	48760.46	48747.46	48756.46	51	0	110
2025.12.24	18:36:00	48755.46	48760.46	48753.46	48759.46	52	0	110
2025.12.24	18:37:00	48758.46	48774.46	48757.46	48766.46	98	0	110
2025.12.24	18:38:00	48765.46	48772.46	48764.46	48770.46	51	0	110
2025.12.24	18:39:00	48770.46	48774.46	48765.46	48765.46	71	0	110
2025.12.24	18:40:00	48766.46	48775.46	48764.46	48765.46	65	0	110
2025.12.24	18:41:00	48764.46	48769.46	48761.46	48766.46	59	0	110
2025.12.24	18:42:00	48767.46	48768.46	48762.46	48763.46	56	0	110
2025.12.24	18:43:00	48764.46	48775.46	48763.46	48767.46	52	0	110
2025.12.24	18:44:00	48766.46	48768.46	48762.46	48767.46	48	0	110
2025.12.24	18:45:00	48766.46	48768.46	48761.46	48763.46	44	0	110
2025.12.24	18:46:00	48762.46	48764.46	48759.46	48762.46	51	0	110
2025.12.24	18:47:00	48763.46	48769.46	48759.46	48761.46	68	0	110
2025.12.24	18:48:00	48760.46	48765.46	48758.46	48761.46	48	0	110
2025.12.24	18:49:00	48760.46	48761.46	48752.46	48755.46	51	0	110
2025.12.24	18:50:00	48756.46	48760.46	48751.46	48754.46	58	0	110
2025.12.24	18:51:00	48755.46	48761.46	48751.46	48758.46	43	0	110
2025.12.24	18:52:00	48757.46	48758.46	48747.46	48747.46	38	0	110
2025.12.24	18:53:00	48747.46	48749.46	48741.46	48744.46	67	0	110
2025.12.24	18:54:00	48745.46	48766.46	48744.46	48765.46	47	0	110
2025.12.24	18:55:00	48766.46	48768.46	48762.46	48765.46	59	0	110
2025.12.24	18:56:00	48766.46	48767.46	48761.46	48764.46	50	0	110
2025.12.24	18:57:00	48763.46	48768.46	48763.46	48766.46	42	0	110
2025.12.24	18:58:00	48767.46	48770.46	48765.46	48766.46	61	0	110
2025.12.24	18:59:00	48766.46	48769.46	48762.46	48762.46	44	0	110
2025.12.24	19:00:00	48763.46	48769.46	48763.46	48769.46	53	0	110
2025.12.24	19:01:00	48770.46	48780.46	48767.81	48776.46	46	0	110
2025.12.24	19:02:00	48775.46	48785.46	48773.46	48778.46	59	0	110
2025.12.24	19:03:00	48778.46	48781.46	48774.46	48780.46	56	0	110
2025.12.24	19:04:00	48780.46	48786.46	48779.46	48780.46	32	0	110
2025.12.24	19:05:00	48778.46	48782.46	48778.46	48782.46	47	0	110
2025.12.24	19:06:00	48781.46	48790.46	48781.46	48785.46	51	0	110
2025.12.24	19:07:00	48785.46	48795.11	48785.46	48788.46	56	0	110
2025.12.24	19:08:00	48789.46	48790.46	48787.46	48789.46	34	0	110
2025.12.24	19:09:00	48790.46	48790.46	48781.46	48787.46	50	0	110
2025.12.24	19:10:00	48788.46	48793.46	48786.46	48788.46	46	0	110
2025.12.24	19:11:00	48787.46	48795.46	48787.46	48791.46	61	0	110
2025.12.24	19:12:00	48790.46	48791.46	48782.46	48782.46	57	0	110
2025.12.24	19:13:00	48782.46	48786.46	48779.46	48783.46	43	0	110
2025.12.24	19:14:00	48784.46	48785.46	48780.46	48782.46	39	0	110
2025.12.24	19:15:00	48781.46	48786.46	48777.46	48786.46	56	0	110
2025.12.24	19:16:00	48786.46	48786.46	48779.46	48781.46	35	0	110
2025.12.24	19:17:00	48780.46	48780.46	48772.46	48772.46	32	0	110
2025.12.24	19:18:00	48773.46	48776.46	48761.46	48764.46	56	0	110
2025.12.24	19:19:00	48763.46	48768.46	48763.46	48768.46	50	0	110
2025.12.24	19:20:00	48769.46	48776.46	48769.46	48774.46	32	0	110
2025.12.24	19:21:00	48773.46	48777.46	48771.46	48772.46	45	0	110
2025.12.24	19:22:00	48773.46	48773.46	48766.46	48772.46	58	0	110
2025.12.24	19:23:00	48771.46	48774.46	48768.46	48769.46	50	0	110
2025.12.24	19:24:00	48770.46	48772.46	48763.46	48764.46	50	0	110
2025.12.24	19:25:00	48763.46	48774.46	48760.46	48773.46	63	0	110
2025.12.24	19:26:00	48774.46	48775.46	48771.46	48773.46	30	0	110
2025.12.24	19:27:00	48774.46	48781.46	48772.46	48779.46	44	0	110
2025.12.24	19:28:00	48779.46	48786.46	48776.46	48786.46	52	0	110
2025.12.24	19:29:00	48784.46	48791.46	48783.46	48788.46	58	0	110
2025.12.24	19:30:00	48790.46	48805.46	48790.46	48801.46	64	0	110
2025.12.24	19:31:00	48802.46	48813.46	48802.46	48812.46	65	0	110
2025.12.24	19:32:00	48811.46	48819.46	48808.46	48815.46	64	0	110
2025.12.24	19:33:00	48816.46	48819.46	48814.46	48816.46	30	0	110
2025.12.24	19:34:00	48818.46	48820.46	48809.46	48809.46	54	0	110
2025.12.24	19:35:00	48808.46	48815.46	48805.46	48814.46	41	0	110
2025.12.24	19:36:00	48812.46	48822.46	48810.46	48822.46	38	0	110
2025.12.24	19:37:00	48823.46	48824.46	48812.46	48816.46	44	0	110
2025.12.24	19:38:00	48814.46	48815.46	48808.46	48809.46	39	0	110
2025.12.24	19:39:00	48808.46	48811.46	48799.46	48801.46	63	0	110
2025.12.24	19:40:00	48802.46	48810.46	48800.46	48805.46	55	0	110
2025.12.24	19:41:00	48804.46	48804.46	48787.46	48797.46	64	0	110
2025.12.24	19:42:00	48795.46	48801.46	48790.46	48793.46	78	0	110
2025.12.24	19:43:00	48794.46	48801.46	48791.46	48799.46	75	0	110
2025.12.24	19:44:00	48798.46	48799.46	48791.46	48792.46	76	0	110
2025.12.24	19:45:00	48793.46	48796.46	48787.46	48792.46	79	0	110
2025.12.24	19:46:00	48793.46	48793.46	48783.46	48784.46	67	0	110
2025.12.24	19:47:00	48783.46	48792.46	48781.46	48790.46	63	0	110
2025.12.24	19:48:00	48789.46	48795.46	48785.46	48788.46	87	0	110
2025.12.24	19:49:00	48789.46	48791.46	48774.46	48776.46	69	0	110
2025.12.24	19:50:00	48776.46	48793.46	48775.46	48790.46	96	0	110
2025.12.24	19:51:00	48789.46	48790.46	48778.46	48781.46	67	0	110
2025.12.24	19:52:00	48779.46	48781.46	48770.46	48771.46	75	0	110
2025.12.24	19:53:00	48772.46	48774.46	48766.46	48767.46	82	0	110
2025.12.24	19:54:00	48767.46	48776.46	48766.46	48771.46	58	0	110
2025.12.24	19:55:00	48769.46	48777.46	48765.46	48772.46	85	0	110
2025.12.24	19:56:00	48771.46	48785.46	48771.46	48785.46	76	0	110
2025.12.24	19:57:00	48786.46	48787.46	48777.46	48785.46	52	0	110
2025.12.24	19:58:00	48786.46	48804.46	48786.46	48797.46	71	0	110
2025.12.24	19:59:00	48799.46	48805.46	48755.46	48758.46	183	0	110
2025.12.24	20:00:00	48759.46	48770.46	48747.46	48763.46	138	0	110
2025.12.24	20:01:00	48762.46	48780.46	48762.46	48778.46	81	0	110
2025.12.24	20:02:00	48777.46	48789.46	48773.46	48784.46	51	0	110
2025.12.24	20:03:00	48786.46	48789.46	48773.46	48775.46	47	0	110
2025.12.24	20:04:00	48775.46	48779.46	48773.46	48779.46	28	0	110
2025.12.24	20:05:00	48780.46	48782.46	48777.46	48779.46	40	0	110
2025.12.24	20:06:00	48781.46	48788.46	48778.46	48779.46	45	0	110
2025.12.24	20:07:00	48777.46	48778.46	48749.46	48756.46	60	0	110
2025.12.24	20:08:00	48757.46	48778.46	48753.46	48774.46	53	0	110
2025.12.24	20:09:00	48776.46	48777.46	48770.46	48771.46	41	0	110
2025.12.24	20:10:00	48770.46	48774.46	48763.46	48763.46	37	0	110
2025.12.24	20:11:00	48761.46	48761.46	48753.46	48753.46	67	0	110
2025.12.24	20:12:00	48755.46	48764.46	48749.46	48753.46	50	0	110
2025.12.24	20:13:00	48750.46	48758.46	48744.46	48750.46	62	0	110
2025.12.24	20:14:00	48751.16	48759.16	48750.16	48756.01	44	0	110
